Feature,Importance
ClaimAmount,0.9625821954273538
Margin,0.03589772602188428
AnnualIncome,0.00017460603573375043
CustomerID_AC-109607,0.00014300680153280608
CustomValueEstimate,0.00012618438411326178
RiskScore,0.00012023951415974782
AnnualPremium,0.00011492524465830291
TotalPremium,0.00010732220786616688
LossRatio,0.00010631860852143861
PastClaims,0.00010120711571123932
Province_Somali,6.978865993403564e-05
Deductible,6.418370624021395e-05
ZipCode,3.704265544621751e-05
TransactionDate_2024-10-13,3.703769294687938e-05
VehicleModel_E-Class,3.442176871467131e-05
NCD,3.2894329022319576e-05
Age,3.078891725932191e-05
CustomerID_AC-104965,2.7920738474754292e-05
AutoMake_Lifan,2.1711293676612325e-05
AutoMake_Toyota,2.1177516778404114e-05
Province_Amhara,1.9376880004409765e-05
Province_Oromia,1.5335017289163002e-05
VehicleModel_Land Cruiser,1.236720813922532e-05
VehicleType_Sedan,1.1174771605723214e-05
VehicleType_Luxury,8.492030767129361e-06
Gender_Male,6.126283397014121e-06
TransactionDate_2024-08-05,5.32363643776622e-06
CoverType_Third Party Fire & Theft,5.238082122204068e-06
VehicleModel_Tucson,4.100976677402164e-06
TransactionDate_2024-06-10,3.99355211790362e-06
TransactionDate_2024-11-14,3.7877960145274594e-06
Province_Tigray,3.729518577417022e-06
CustomerID_AC-105438,3.1172650704878435e-06
VehicleType_SUV,2.9462803785194254e-06
CustomerID_AC-104709,2.859300564149713e-06
VehicleModel_RAV4,2.7324681506196054e-06
AutoMake_Mercedes-Benz,2.5275868985646888e-06
TransactionDate_2024-12-10,2.1434377872667646e-06
TransactionDate_2024-11-04,1.992265310147513e-06
TransactionDate_2025-06-12,1.7393615564200452e-06
TransactionDate_2025-03-27,1.6804958026503534e-06
CustomerID_AC-105920,1.5283674889632853e-06
TransactionDate_2024-01-26,1.4945002138777414e-06
CustomerID_AC-108222,1.4502229583861146e-06
CoverType_Third Party Only,1.4476478905163727e-06
AutoMake_Hyundai,1.4114258116137826e-06
TransactionDate_2024-12-22,1.3986807593674588e-06
TransactionDate_2025-06-07,1.1693531733763764e-06
TransactionDate_2025-02-08,1.0077264078330341e-06
CustomerID_AC-108388,9.287047720614353e-07
TransactionDate_2024-11-10,8.228157262142549e-07
VehicleModel_620,7.224224786602421e-07
CustomerID_AC-104573,7.158396263438547e-07
CustomerID_AC-108162,6.524904461931703e-07
AutoMake_Suzuki,6.414689585208773e-07
TransactionDate_2024-06-17,6.363544155272909e-07
TransactionDate_2024-05-26,6.136194514160793e-07
CustomerID_AC-109640,5.10762656280169e-07
CustomerID_AC-107156,4.7403653940528866e-07
TransactionDate_2025-06-28,4.6992936515499464e-07
TransactionDate_2025-02-19,4.5692860078933196e-07
CustomerID_AC-104725,3.670333231228702e-07
CustomerID_AC-108939,3.3176671159961875e-07
CustomerID_AC-105862,3.198223044154457e-07
TransactionDate_2024-01-02,2.9346753545390976e-07
CustomerID_AC-109289,2.801760502541162e-07
VehicleModel_Vitz,2.676100482922784e-07
TransactionDate_2025-03-28,2.6115256017117874e-07
TransactionDate_2024-04-01,1.8687246976536345e-07
CustomerID_AC-103948,1.8604288701524475e-07
CustomerID_AC-107388,1.8328054129193813e-07
CustomerID_AC-105033,1.717157122645812e-07
VehicleModel_Grand Vitara,1.70453132543051e-07
TransactionDate_2024-07-21,1.6146225864176336e-07
VehicleModel_Corolla,1.5940196284726724e-07
TransactionDate_2025-03-03,1.5656169336665112e-07
CustomerID_AC-105742,1.4915874538072235e-07
CustomerID_AC-105688,1.4383390815468616e-07
CustomerID_AC-101137,1.2272906147709384e-07
CustomerID_AC-100129,1.1901218454777107e-07
TransactionDate_2024-08-21,1.1841070416900269e-07
TransactionDate_2024-03-27,1.1180318322300732e-07
TransactionDate_2024-02-01,1.0696348218692838e-07
CustomerID_AC-104312,1.0597648170048224e-07
CustomerID_AC-100552,1.0428343018969445e-07
CustomerID_AC-108701,1.0363958474142678e-07
TransactionDate_2024-11-09,1.0338691206903812e-07
TransactionDate_2024-02-24,1.0327704442144047e-07
TransactionDate_2024-08-11,1.028778104263577e-07
TransactionDate_2024-09-10,1.0102896190857787e-07
CustomerID_AC-105713,9.966464648372925e-08
TransactionDate_2024-03-26,9.956077347198257e-08
VehicleModel_Swift,9.844489610790496e-08
TransactionDate_2025-01-19,9.736102296859096e-08
CustomerID_AC-102072,9.629004886206688e-08
TransactionDate_2024-05-22,8.712464857809587e-08
TransactionDate_2025-05-02,8.385246473089642e-08
CustomerID_AC-108951,7.867809566734418e-08
VehicleModel_Elantra,7.816481146060724e-08
CustomerID_AC-102566,7.604389764115543e-08
CustomerID_AC-109841,7.59883991694201e-08
CustomerID_AC-102959,7.301032226256198e-08
CustomerID_AC-109892,7.066789778770822e-08
VehicleModel_i10,6.979982001921513e-08
TransactionDate_2024-01-11,5.8790882904614296e-08
TransactionDate_2024-08-01,5.8493084547527464e-08
TransactionDate_2024-02-27,5.574184973720504e-08
CustomerID_AC-105131,5.5201087864242305e-08
CustomerID_AC-105670,5.3121347734877935e-08
CustomerID_AC-105264,5.276217970797896e-08
TransactionDate_2024-10-10,5.198442024212984e-08
TransactionDate_2025-05-13,5.1631615426672355e-08
CustomerID_AC-102650,4.928088079194137e-08
CustomerID_AC-101437,4.675767439353726e-08
TransactionDate_2024-08-26,4.674845190363311e-08
CustomerID_AC-102996,4.639911992969784e-08
CustomerID_AC-107268,4.2942749328588795e-08
TransactionDate_2025-02-16,4.290171697410066e-08
TransactionDate_2024-09-01,4.240534153456614e-08
CustomerID_AC-102781,4.139761189183045e-08
TransactionDate_2024-04-13,4.1133751699905316e-08
CustomerID_AC-103530,3.990500178410384e-08
CustomerID_AC-109766,3.931734987611957e-08
TransactionDate_2024-02-21,3.868188634558743e-08
TransactionDate_2025-06-17,3.848362033370492e-08
TransactionDate_2024-10-03,3.732012207731262e-08
TransactionDate_2024-11-15,3.721113262882754e-08
TransactionDate_2024-11-08,3.692594886741781e-08
CustomerID_AC-107750,3.663248773752884e-08
CustomerID_AC-101240,3.544399710663872e-08
TransactionDate_2024-05-12,3.472167874935909e-08
TransactionDate_2025-05-31,3.415115797029701e-08
TransactionDate_2025-04-30,3.389495645628223e-08
CustomerID_AC-103057,3.3867795324287596e-08
TransactionDate_2024-07-26,3.355841171799152e-08
TransactionDate_2024-03-09,3.300572648224106e-08
TransactionDate_2025-05-21,3.142182222932078e-08
TransactionDate_2024-05-29,3.074028968491616e-08
TransactionDate_2024-01-31,3.0200854043648554e-08
CustomerID_AC-108598,2.9594151256868725e-08
CustomerID_AC-107953,2.902864097742042e-08
CustomerID_AC-107792,2.8250487960763298e-08
CustomerID_AC-104668,2.8126195128691495e-08
CustomerID_AC-100093,2.7631929262649157e-08
TransactionDate_2024-01-10,2.7404168532704697e-08
CustomerID_AC-102883,2.7109204411163686e-08
CustomerID_AC-109537,2.65507361376887e-08
TransactionDate_2025-06-09,2.6022598448207208e-08
CustomerID_AC-106790,2.5811321670495034e-08
CustomerID_AC-104341,2.5725827644349215e-08
CustomerID_AC-103789,2.5595605327852006e-08
TransactionDate_2024-06-06,2.524299743506381e-08
TransactionDate_2025-02-11,2.4899563387814744e-08
TransactionDate_2024-12-07,2.4786833612776948e-08
TransactionDate_2024-11-24,2.4668179748425918e-08
CustomerID_AC-100412,2.3225181258415987e-08
TransactionDate_2024-09-30,2.2694239850032114e-08
TransactionDate_2024-02-19,2.176179977010397e-08
CustomerID_AC-100610,2.127613133904788e-08
TransactionDate_2024-08-13,2.0948262099442916e-08
CustomerID_AC-108273,1.9509128983090695e-08
TransactionDate_2025-04-21,1.881845517539782e-08
CustomerID_AC-104811,1.846592676464975e-08
CustomerID_AC-105274,1.8351265226384926e-08
TransactionDate_2024-09-26,1.8245511133828777e-08
CustomerID_AC-106924,1.812374958451796e-08
CustomerID_AC-107089,1.7620899600252512e-08
TransactionDate_2024-05-10,1.7580375458701792e-08
CustomerID_AC-105177,1.708558203802551e-08
CustomerID_AC-109139,1.5993658291321158e-08
TransactionDate_2024-07-19,1.573190042778296e-08
CustomerID_AC-105314,1.5403965449853357e-08
TransactionDate_2025-04-14,1.4889366355372131e-08
TransactionDate_2025-03-15,1.484400069471578e-08
TransactionDate_2025-02-25,1.4705333651298562e-08
TransactionDate_2025-02-02,1.4616341115234837e-08
CustomerID_AC-102510,1.4094581465069247e-08
CustomerID_AC-105507,1.3993195878601297e-08
CustomerID_AC-102496,1.3945399945863742e-08
CustomerID_AC-104038,1.3679149725081459e-08
CustomerID_AC-107117,1.3604852345679173e-08
TransactionDate_2024-06-14,1.3380564644486831e-08
TransactionDate_2025-05-25,1.3312805383446027e-08
TransactionDate_2025-03-26,1.2735333735046164e-08
TransactionDate_2024-05-13,1.2575271478728257e-08
CustomerID_AC-100614,1.2565657022792138e-08
TransactionDate_2025-01-24,1.2393516508568893e-08
CustomerID_AC-100857,1.2393385470899746e-08
TransactionDate_2024-04-03,1.2097913510998935e-08
TransactionDate_2024-07-01,1.2096481992831469e-08
CustomerID_AC-102988,1.1938932155897387e-08
TransactionDate_2024-01-18,1.1791917041573372e-08
CustomerID_AC-103199,1.148162628136203e-08
CustomerID_AC-104714,1.0843434256515167e-08
TransactionDate_2024-06-26,1.0819399758453467e-08
CustomerID_AC-102185,1.0760832652936667e-08
CustomerID_AC-107070,1.0448880324161262e-08
TransactionDate_2024-02-15,1.0305082283833873e-08
CustomerID_AC-104389,1.0181858823144225e-08
TransactionDate_2024-03-17,1.0060874541871222e-08
TransactionDate_2024-05-14,9.990699261563195e-09
CustomerID_AC-104170,9.882798791869177e-09
TransactionDate_2025-06-25,9.576116309317139e-09
TransactionDate_2025-06-18,9.531973354958109e-09
TransactionDate_2024-10-29,9.471730723424248e-09
CustomerID_AC-108631,9.272923039038468e-09
CustomerID_AC-108657,8.709750457517054e-09
CustomerID_AC-107980,8.70026735911664e-09
CustomerID_AC-102175,8.694114018740208e-09
CustomerID_AC-101702,8.658933031822267e-09
TransactionDate_2024-04-02,8.501892827507198e-09
TransactionDate_2024-02-28,8.24338276584253e-09
CustomerID_AC-105915,8.241948190786773e-09
TransactionDate_2024-02-22,8.130635713395591e-09
TransactionDate_2024-08-09,8.068070418717907e-09
CustomerID_AC-106709,7.937968383600504e-09
CustomerID_AC-109057,7.92241891930017e-09
TransactionDate_2025-02-03,7.720054688206441e-09
CustomerID_AC-109671,7.694302968301579e-09
TransactionDate_2024-10-15,7.64923895913088e-09
TransactionDate_2025-04-25,7.641762048766643e-09
TransactionDate_2024-04-21,7.588051772321312e-09
TransactionDate_2024-12-28,7.438989117325757e-09
CustomerID_AC-108416,7.431817095918725e-09
TransactionDate_2024-08-12,7.372843325332681e-09
CustomerID_AC-101258,7.18006284397877e-09
TransactionDate_2024-07-27,7.168471543209534e-09
CustomerID_AC-104985,7.0791283644503536e-09
CustomerID_AC-108137,6.954921139935661e-09
TransactionDate_2024-07-07,6.892934910290998e-09
CustomerID_AC-107195,6.828130698218323e-09
TransactionDate_2024-08-25,6.781789004113882e-09
CustomerID_AC-101619,6.667549948432034e-09
CustomerID_AC-109846,6.214787595734864e-09
CustomerID_AC-102303,6.135696183919376e-09
CustomerID_AC-107327,6.122988387602654e-09
TransactionDate_2025-03-18,6.034893376913552e-09
TransactionDate_2024-01-03,5.793042575444792e-09
TransactionDate_2024-09-11,5.772384566320589e-09
CustomerID_AC-108143,5.753371983682484e-09
CustomerID_AC-107812,5.615115169267921e-09
CustomerID_AC-101941,5.604480115467067e-09
TransactionDate_2024-01-19,5.576160856288683e-09
CustomerID_AC-105059,5.555719279635922e-09
TransactionDate_2024-08-15,5.4823027375926254e-09
TransactionDate_2024-01-29,5.4433566321229725e-09
TransactionDate_2024-06-12,5.415406960712952e-09
TransactionDate_2025-01-01,5.406418229293495e-09
TransactionDate_2024-06-18,5.121331720715728e-09
CustomerID_AC-107307,5.0767296111149255e-09
CustomerID_AC-104041,4.918073608483073e-09
CustomerID_AC-101699,4.892283337083409e-09
CustomerID_AC-107603,4.86599405740119e-09
TransactionDate_2024-12-13,4.821224520587221e-09
CustomerID_AC-102823,4.767264723458285e-09
TransactionDate_2025-03-17,4.7252092278301805e-09
CustomerID_AC-106160,4.627342547534567e-09
TransactionDate_2025-05-17,4.567034459625151e-09
TransactionDate_2025-05-06,4.458487046737592e-09
TransactionDate_2024-03-29,4.310180318518745e-09
TransactionDate_2024-09-13,4.301084510515071e-09
CustomerID_AC-103620,4.221204841925778e-09
CustomerID_AC-107493,4.1704573732372865e-09
CustomerID_AC-107937,4.136151057665025e-09
TransactionDate_2025-06-02,4.127651117805164e-09
CustomerID_AC-108970,4.108851404515934e-09
CustomerID_AC-109146,4.024670828336319e-09
TransactionDate_2024-04-09,3.986536628670845e-09
CustomerID_AC-101326,3.974392235288052e-09
CustomerID_AC-100135,3.938944864221873e-09
CustomerID_AC-103176,3.8590721009045955e-09
CustomerID_AC-105923,3.854043722217827e-09
TransactionDate_2024-08-08,3.838650663851955e-09
CustomerID_AC-102653,3.828330389977193e-09
TransactionDate_2025-06-16,3.780588086638287e-09
CustomerID_AC-105346,3.7126976327634663e-09
TransactionDate_2024-09-24,3.697168268982561e-09
TransactionDate_2025-05-03,3.6900158345811478e-09
CustomerID_AC-100830,3.6625343093259666e-09
CustomerID_AC-100956,3.566256386362203e-09
TransactionDate_2024-08-04,3.5632125389767005e-09
TransactionDate_2024-02-12,3.549905657034863e-09
CustomerID_AC-102045,3.5259788774100047e-09
CustomerID_AC-109365,3.465271221950535e-09
TransactionDate_2024-06-30,3.4570666734417432e-09
TransactionDate_2025-01-16,3.4104661318853866e-09
TransactionDate_2024-03-15,3.3593046243653184e-09
TransactionDate_2024-05-25,3.355195911905219e-09
TransactionDate_2024-07-05,3.2967881499651045e-09
CustomerID_AC-106238,3.253583555068817e-09
CustomerID_AC-106735,3.2295172234140518e-09
TransactionDate_2024-05-17,3.223974113103269e-09
CustomerID_AC-101534,3.1656630875230808e-09
TransactionDate_2024-06-19,3.1590942185068975e-09
CustomerID_AC-100651,3.1240510470758343e-09
CustomerID_AC-102051,3.1179853544151473e-09
TransactionDate_2024-12-14,3.073558662658117e-09
CustomerID_AC-105102,3.054958731692722e-09
TransactionDate_2025-02-14,3.0489083581691194e-09
CustomerID_AC-107537,3.0251127865842358e-09
CustomerID_AC-100636,2.996056964710096e-09
CustomerID_AC-103854,2.994601884054824e-09
TransactionDate_2024-02-06,2.973379289039354e-09
TransactionDate_2025-01-10,2.965526138887432e-09
CustomerID_AC-102087,2.916942511275738e-09
TransactionDate_2024-05-24,2.9134204667078566e-09
TransactionDate_2025-03-14,2.9067550797490177e-09
CustomerID_AC-104105,2.870203124646864e-09
CustomerID_AC-101688,2.8488377659247976e-09
TransactionDate_2025-04-04,2.841940857026037e-09
CustomerID_AC-101831,2.8308322490467138e-09
TransactionDate_2024-01-07,2.809556657521435e-09
CustomerID_AC-106738,2.8095376259826875e-09
TransactionDate_2024-03-04,2.7537976796934164e-09
TransactionDate_2025-03-07,2.727276321430405e-09
CustomerID_AC-107844,2.7185505353806324e-09
CustomerID_AC-109433,2.714992946011706e-09
TransactionDate_2024-09-21,2.6765542732751187e-09
CustomerID_AC-109253,2.667770080597068e-09
TransactionDate_2025-02-28,2.6503152636329566e-09
CustomerID_AC-107647,2.6448972970376307e-09
CustomerID_AC-101566,2.6400287119785282e-09
TransactionDate_2024-07-11,2.6397898370439007e-09
CustomerID_AC-108860,2.6335183746817234e-09
CustomerID_AC-104658,2.6207421060374445e-09
CustomerID_AC-108895,2.6184948134512546e-09
TransactionDate_2024-04-08,2.6005288253164912e-09
TransactionDate_2024-05-04,2.597591010845281e-09
CustomerID_AC-100957,2.5962421585883235e-09
TransactionDate_2025-01-07,2.553575285013836e-09
CustomerID_AC-108544,2.547455833143579e-09
TransactionDate_2025-04-03,2.544992974512355e-09
CustomerID_AC-106189,2.5133604386922953e-09
CustomerID_AC-102547,2.512803073213186e-09
TransactionDate_2024-09-28,2.4490859849452267e-09
CustomerID_AC-109141,2.4423560369045474e-09
TransactionDate_2025-05-08,2.4363506262815207e-09
TransactionDate_2025-06-13,2.4362251350333994e-09
CustomerID_AC-100985,2.417274889684391e-09
CustomerID_AC-107567,2.406926578719629e-09
CustomerID_AC-102530,2.3966722517856807e-09
CustomerID_AC-106043,2.375034570880544e-09
CustomerID_AC-103842,2.374667197903976e-09
TransactionDate_2025-05-24,2.352820112135594e-09
TransactionDate_2024-06-24,2.295703001076025e-09
CustomerID_AC-100152,2.261109705890252e-09
CustomerID_AC-103469,2.2573959933390314e-09
TransactionDate_2024-01-12,2.2365160759592272e-09
TransactionDate_2024-06-15,2.2358169472264387e-09
CustomerID_AC-103773,2.220634362407148e-09
CustomerID_AC-108475,2.2097970551538566e-09
TransactionDate_2024-07-23,2.1653857840618802e-09
TransactionDate_2024-08-18,2.1483978061176076e-09
TransactionDate_2024-07-10,2.1385111845082875e-09
TransactionDate_2025-05-23,2.137594016956304e-09
CustomerID_AC-104619,2.136955831236369e-09
TransactionDate_2024-11-28,2.1246599795623403e-09
TransactionDate_2024-04-26,2.1241248384392243e-09
CustomerID_AC-107508,2.119959990018492e-09
CustomerID_AC-106068,2.087741357960687e-09
CustomerID_AC-107834,2.066544941905712e-09
TransactionDate_2024-10-28,2.0638723844874665e-09
CustomerID_AC-107018,2.045989319685954e-09
CustomerID_AC-104793,2.0419596395693593e-09
CustomerID_AC-107010,2.005128963383218e-09
TransactionDate_2024-07-08,2.0015758102577364e-09
CustomerID_AC-106047,2.0010687317681767e-09
CustomerID_AC-109691,1.9975971202440206e-09
CustomerID_AC-106067,1.994036917165608e-09
TransactionDate_2024-04-19,1.975375633860845e-09
CustomerID_AC-106140,1.9688924525470394e-09
CustomerID_AC-105176,1.9569623851901428e-09
TransactionDate_2024-08-31,1.9529477872818786e-09
CustomerID_AC-103839,1.938303249110898e-09
TransactionDate_2025-05-09,1.9215539908087796e-09
TransactionDate_2024-09-06,1.9075038103542356e-09
CustomerID_AC-109953,1.886742887377678e-09
CustomerID_AC-103951,1.8768850969333435e-09
CustomerID_AC-105116,1.8663827081802355e-09
CustomerID_AC-109724,1.8489148180488873e-09
CustomerID_AC-108538,1.8279271202085565e-09
TransactionDate_2024-12-29,1.8259562202073962e-09
CustomerID_AC-105130,1.8235827324606479e-09
CustomerID_AC-107049,1.8139238120980205e-09
TransactionDate_2024-05-01,1.8031850273904855e-09
CustomerID_AC-108763,1.8000971135396059e-09
CustomerID_AC-101401,1.7742897556293055e-09
CustomerID_AC-100460,1.7735563125977644e-09
TransactionDate_2024-08-22,1.7512040268076828e-09
CustomerID_AC-103537,1.749095546497504e-09
CustomerID_AC-101720,1.746329934022728e-09
TransactionDate_2024-09-08,1.7207711296576627e-09
TransactionDate_2024-05-18,1.7157443790910056e-09
CustomerID_AC-106759,1.7147268713298598e-09
TransactionDate_2024-06-16,1.6988750436678494e-09
CustomerID_AC-103225,1.69524210383931e-09
TransactionDate_2024-03-18,1.6889763734282482e-09
CustomerID_AC-107727,1.6736148088107476e-09
TransactionDate_2025-02-07,1.6635347896888605e-09
CustomerID_AC-103557,1.6601325278241475e-09
CustomerID_AC-105960,1.6560125224804047e-09
CustomerID_AC-109452,1.648943917354467e-09
TransactionDate_2025-05-30,1.641031234715316e-09
TransactionDate_2024-11-23,1.636888416073315e-09
CustomerID_AC-102505,1.6220760785825476e-09
CustomerID_AC-100110,1.6175329809739276e-09
CustomerID_AC-101621,1.6151494564326418e-09
CustomerID_AC-108168,1.6080420231003694e-09
TransactionDate_2024-11-02,1.5912639457309212e-09
CustomerID_AC-108350,1.5903768857744037e-09
TransactionDate_2024-07-28,1.5879349750750642e-09
CustomerID_AC-101591,1.581451710112646e-09
TransactionDate_2024-05-16,1.579384779650643e-09
CustomerID_AC-106976,1.578552606392371e-09
TransactionDate_2024-08-16,1.5719858968053743e-09
CustomerID_AC-103553,1.5719032611119993e-09
CustomerID_AC-109283,1.5422850423472415e-09
CustomerID_AC-109536,1.5415331301500202e-09
CustomerID_AC-101536,1.5311203755387035e-09
TransactionDate_2024-10-17,1.523438802239823e-09
CustomerID_AC-100078,1.5137744173330248e-09
TransactionDate_2024-02-17,1.5096243220889584e-09
CustomerID_AC-102643,1.4977567571928611e-09
CustomerID_AC-102675,1.4945873414352986e-09
TransactionDate_2024-11-20,1.4936753722902164e-09
CustomerID_AC-101046,1.4868757381759793e-09
TransactionDate_2024-09-25,1.463483723009476e-09
TransactionDate_2024-11-26,1.4602404015997252e-09
CustomerID_AC-107862,1.4551544218201453e-09
TransactionDate_2024-07-02,1.4380826416246963e-09
CustomerID_AC-106977,1.4097547818737351e-09
CustomerID_AC-108854,1.403218474707173e-09
TransactionDate_2025-01-13,1.4014183813974604e-09
CustomerID_AC-103169,1.3912864350256997e-09
CustomerID_AC-108291,1.3904855740301734e-09
CustomerID_AC-100938,1.3845892000167492e-09
CustomerID_AC-103137,1.3663494376851079e-09
CustomerID_AC-109571,1.3649236736865685e-09
TransactionDate_2025-04-12,1.3386851087332399e-09
TransactionDate_2024-03-30,1.3316747820227701e-09
CustomerID_AC-102839,1.3289136987763048e-09
TransactionDate_2024-10-06,1.3234179340909928e-09
TransactionDate_2024-10-07,1.3224706164186805e-09
TransactionDate_2024-12-31,1.3134252120995468e-09
TransactionDate_2024-06-21,1.3001947177359076e-09
TransactionDate_2025-04-15,1.296774296853739e-09
CustomerID_AC-108128,1.2957565367171215e-09
CustomerID_AC-107933,1.29337420713421e-09
CustomerID_AC-101193,1.2871023023318597e-09
CustomerID_AC-101405,1.280392038978855e-09
CustomerID_AC-105275,1.2773542688179107e-09
TransactionDate_2024-12-17,1.2681209225683657e-09
CustomerID_AC-109103,1.2628094403446753e-09
CustomerID_AC-106373,1.250041654344389e-09
CustomerID_AC-105182,1.2484596347392098e-09
CustomerID_AC-103911,1.2424439735983434e-09
CustomerID_AC-102483,1.2341592264614602e-09
TransactionDate_2024-03-11,1.2265100539179267e-09
TransactionDate_2025-05-11,1.195446606906622e-09
TransactionDate_2024-01-15,1.1801462332171377e-09
CustomerID_AC-109314,1.1764766186223664e-09
TransactionDate_2024-10-25,1.169473002621238e-09
TransactionDate_2024-03-01,1.166371845997693e-09
CustomerID_AC-106943,1.1650913171401236e-09
CustomerID_AC-109292,1.1616417712777812e-09
CustomerID_AC-108031,1.1477114946269902e-09
CustomerID_AC-108052,1.1470497861681764e-09
TransactionDate_2024-12-21,1.1415086697931395e-09
CustomerID_AC-101095,1.1220482872073513e-09
CustomerID_AC-108734,1.1217538171684802e-09
CustomerID_AC-105848,1.1213010043566386e-09
CustomerID_AC-109815,1.1189915919745853e-09
CustomerID_AC-102716,1.1159692984022165e-09
CustomerID_AC-101912,1.1151220539330066e-09
TransactionDate_2024-09-23,1.1108227878872394e-09
CustomerID_AC-100762,1.1050566067301063e-09
CustomerID_AC-107430,1.1041080251132137e-09
CustomerID_AC-104113,1.1003049401722003e-09
CustomerID_AC-109595,1.0806635635304958e-09
CustomerID_AC-107212,1.073659481382265e-09
CustomerID_AC-104391,1.0717122008660123e-09
CustomerID_AC-106704,1.070826264195124e-09
TransactionDate_2024-11-13,1.0688838117409556e-09
TransactionDate_2025-03-10,1.0667045892663597e-09
CustomerID_AC-109202,1.0551548249031503e-09
CustomerID_AC-104196,1.040347845566947e-09
CustomerID_AC-104904,1.036938925633476e-09
CustomerID_AC-102200,1.02764651869006e-09
CustomerID_AC-109391,1.026860372616478e-09
TransactionDate_2025-01-28,1.019088327500229e-09
CustomerID_AC-109428,1.0180351604199971e-09
CustomerID_AC-107905,1.0091716488740935e-09
TransactionDate_2024-11-07,9.97381190561412e-10
CustomerID_AC-107373,9.964454896206448e-10
CustomerID_AC-103677,9.730759292925407e-10
TransactionDate_2024-02-20,9.725914633365628e-10
CustomerID_AC-100435,9.642983137046665e-10
TransactionDate_2024-09-12,9.611718923011071e-10
TransactionDate_2025-02-09,9.57106096356912e-10
TransactionDate_2025-02-23,9.42122459039464e-10
TransactionDate_2025-02-21,9.37704205792258e-10
TransactionDate_2024-10-05,9.306670198016752e-10
TransactionDate_2024-05-31,9.209154703861592e-10
TransactionDate_2025-02-24,9.202767057159657e-10
TransactionDate_2024-10-12,9.188366776496771e-10
CustomerID_AC-103646,9.179688658801256e-10
TransactionDate_2024-05-09,9.175204429432699e-10
CustomerID_AC-103150,9.130454436963757e-10
TransactionDate_2025-06-05,8.967923287425495e-10
CustomerID_AC-109961,8.840950776669723e-10
CustomerID_AC-102894,8.84091377751248e-10
CustomerID_AC-109545,8.741995873844148e-10
TransactionDate_2024-11-29,8.69566096376333e-10
CustomerID_AC-107502,8.462292193068279e-10
CustomerID_AC-100584,8.460548843513195e-10
CustomerID_AC-105846,8.452257760784535e-10
TransactionDate_2024-02-16,8.435801385299689e-10
TransactionDate_2024-03-02,8.434956452145802e-10
CustomerID_AC-106801,8.423262844171122e-10
CustomerID_AC-105477,8.367362171736226e-10
CustomerID_AC-106395,8.357748320292493e-10
CustomerID_AC-102648,8.337511692112418e-10
CustomerID_AC-105245,8.333311859238758e-10
CustomerID_AC-109216,8.268835956052859e-10
TransactionDate_2024-11-21,8.248119663797072e-10
TransactionDate_2025-05-28,8.069110966706925e-10
TransactionDate_2024-12-11,8.052286048953303e-10
CustomerID_AC-107061,8.034964740085002e-10
TransactionDate_2024-07-04,8.029426549737704e-10
TransactionDate_2025-05-04,8.01703055449898e-10
TransactionDate_2025-01-14,7.98717776132307e-10
CustomerID_AC-103606,7.92039496814725e-10
TransactionDate_2025-06-11,7.909698236634418e-10
CustomerID_AC-107778,7.873502143102898e-10
CustomerID_AC-103856,7.867093962821019e-10
CustomerID_AC-106273,7.851993182907527e-10
CustomerID_AC-104730,7.844295364364433e-10
CustomerID_AC-101708,7.825980010767532e-10
CustomerID_AC-100915,7.742033449755855e-10
CustomerID_AC-101247,7.740432377884802e-10
TransactionDate_2024-10-16,7.731036825833923e-10
CustomerID_AC-102275,7.659904979412225e-10
CustomerID_AC-100994,7.652756308686414e-10
TransactionDate_2024-10-31,7.647224087474972e-10
TransactionDate_2024-07-31,7.632224442627171e-10
TransactionDate_2024-04-17,7.62305927391362e-10
CustomerID_AC-107986,7.607953841621247e-10
CustomerID_AC-101827,7.602718521138429e-10
CustomerID_AC-108106,7.589842980156911e-10
CustomerID_AC-103476,7.563545554881843e-10
CustomerID_AC-105759,7.444560486138412e-10
TransactionDate_2024-02-13,7.441952082409405e-10
CustomerID_AC-101626,7.415343066350159e-10
TransactionDate_2024-04-16,7.387856189935118e-10
TransactionDate_2024-01-20,7.384375843335091e-10
TransactionDate_2024-03-03,7.383437466164192e-10
TransactionDate_2024-05-07,7.319156656337169e-10
TransactionDate_2025-01-04,7.298862781473595e-10
TransactionDate_2024-01-05,7.298228586332948e-10
TransactionDate_2024-04-15,7.244556485148413e-10
CustomerID_AC-101548,7.171879513755187e-10
TransactionDate_2025-05-14,7.104672681023632e-10
TransactionDate_2024-11-30,7.022207409645353e-10
TransactionDate_2025-01-27,7.013051307401389e-10
CustomerID_AC-100425,7.011482381719833e-10
CustomerID_AC-103481,6.988254168589683e-10
TransactionDate_2025-01-22,6.983835430701294e-10
TransactionDate_2024-07-17,6.929251283843472e-10
CustomerID_AC-101567,6.900846412438104e-10
CustomerID_AC-103536,6.707883087954601e-10
CustomerID_AC-105735,6.676562703978796e-10
TransactionDate_2024-11-22,6.666888804854584e-10
CustomerID_AC-108648,6.656532919475125e-10
CustomerID_AC-104921,6.656401267107783e-10
CustomerID_AC-109026,6.642528958744483e-10
CustomerID_AC-104831,6.619274508212526e-10
TransactionDate_2024-02-02,6.570540915744493e-10
CustomerID_AC-107272,6.54253666464693e-10
CustomerID_AC-100003,6.52603800775186e-10
CustomerID_AC-105674,6.43223468637718e-10
CustomerID_AC-105709,6.405659147935362e-10
TransactionDate_2024-05-08,6.389458515250954e-10
CustomerID_AC-106348,6.37940684093017e-10
CustomerID_AC-107199,6.338604495147415e-10
CustomerID_AC-105144,6.333145091489388e-10
CustomerID_AC-100540,6.260869355320663e-10
CustomerID_AC-107543,6.254809121848466e-10
TransactionDate_2024-04-22,6.240079107870965e-10
CustomerID_AC-109680,6.220128049549968e-10
TransactionDate_2024-11-06,6.205538959604867e-10
TransactionDate_2024-05-28,6.204572415301527e-10
TransactionDate_2024-09-14,6.147628903063718e-10
CustomerID_AC-107216,6.127346570065535e-10
CustomerID_AC-102551,6.125761641087899e-10
CustomerID_AC-103779,6.067353970083468e-10
TransactionDate_2024-10-14,6.047075704365605e-10
TransactionDate_2025-01-08,6.046596099500654e-10
TransactionDate_2024-03-07,6.032540789835727e-10
TransactionDate_2025-01-02,6.003695501888055e-10
CustomerID_AC-106474,5.957832405950538e-10
CustomerID_AC-108083,5.895397933371111e-10
TransactionDate_2024-03-06,5.866288665742079e-10
CustomerID_AC-106855,5.799296091131326e-10
CustomerID_AC-103274,5.762327097098592e-10
CustomerID_AC-107605,5.740897090872503e-10
CustomerID_AC-101547,5.702416898445304e-10
CustomerID_AC-107777,5.660335034499375e-10
TransactionDate_2025-04-13,5.623296755753198e-10
CustomerID_AC-107469,5.601434196640134e-10
CustomerID_AC-106776,5.598869114282046e-10
TransactionDate_2024-08-10,5.590894278510696e-10
TransactionDate_2025-01-23,5.581883083084829e-10
CustomerID_AC-108994,5.533261187139125e-10
TransactionDate_2025-06-26,5.493663308590584e-10
CustomerID_AC-105745,5.46839491764793e-10
TransactionDate_2024-04-07,5.453608730519269e-10
CustomerID_AC-101224,5.417323236718404e-10
CustomerID_AC-102854,5.328605645723241e-10
TransactionDate_2024-09-27,5.320625307785419e-10
CustomerID_AC-104778,5.317791144614776e-10
TransactionDate_2024-07-20,5.312662681079002e-10
TransactionDate_2024-02-05,5.301388738402881e-10
TransactionDate_2024-03-08,5.291807301290439e-10
CustomerID_AC-106952,5.236249196102047e-10
TransactionDate_2024-09-09,5.20754987114639e-10
CustomerID_AC-109386,5.207100932246681e-10
CustomerID_AC-108151,5.115648706284242e-10
CustomerID_AC-108400,5.115118441175554e-10
CustomerID_AC-107055,5.112484315561768e-10
TransactionDate_2024-10-30,5.104046368587915e-10
TransactionDate_2024-03-25,5.054883984445253e-10
TransactionDate_2024-09-05,4.998027897994748e-10
CustomerID_AC-101345,4.878029278741637e-10
CustomerID_AC-109649,4.871336132781136e-10
CustomerID_AC-103228,4.863290076974492e-10
CustomerID_AC-108539,4.843630393034257e-10
TransactionDate_2024-12-04,4.793494841786441e-10
TransactionDate_2024-12-05,4.78275928171178e-10
CustomerID_AC-104442,4.761098438255343e-10
CustomerID_AC-100033,4.750473765675795e-10
CustomerID_AC-100350,4.744089256172885e-10
CustomerID_AC-105536,4.742608963067502e-10
CustomerID_AC-105924,4.739864112915038e-10
CustomerID_AC-109750,4.727212343147603e-10
CustomerID_AC-104519,4.714898285910183e-10
TransactionDate_2024-11-11,4.712184621918084e-10
TransactionDate_2025-06-23,4.685737996778742e-10
CustomerID_AC-109479,4.678914738378736e-10
CustomerID_AC-102356,4.675850892975814e-10
CustomerID_AC-100272,4.675230241654745e-10
CustomerID_AC-102705,4.651471002348444e-10
CustomerID_AC-102910,4.5941101585804344e-10
TransactionDate_2025-06-21,4.56959081661126e-10
TransactionDate_2025-06-10,4.5467494749689343e-10
TransactionDate_2024-11-27,4.546425858071432e-10
CustomerID_AC-106899,4.5370905325319256e-10
CustomerID_AC-106448,4.5352480479122587e-10
TransactionDate_2024-02-26,4.531762567369399e-10
CustomerID_AC-109186,4.5186929884693876e-10
TransactionDate_2024-11-18,4.506870503968637e-10
CustomerID_AC-101765,4.478832838527778e-10
CustomerID_AC-106052,4.4674096027696296e-10
CustomerID_AC-109831,4.462341470289527e-10
TransactionDate_2024-12-30,4.455813779371714e-10
TransactionDate_2025-04-05,4.4425070805500597e-10
CustomerID_AC-107783,4.404770904612544e-10
CustomerID_AC-109245,4.365980423401572e-10
TransactionDate_2024-04-05,4.359309314132265e-10
CustomerID_AC-109760,4.33216305396887e-10
TransactionDate_2024-10-01,4.3239459060153925e-10
TransactionDate_2025-06-06,4.315456557715027e-10
CustomerID_AC-109001,4.246731527476914e-10
TransactionDate_2024-01-22,4.1969064279114317e-10
CustomerID_AC-101251,4.186585276519547e-10
CustomerID_AC-107219,4.180508150620941e-10
CustomerID_AC-105319,4.1615862121239934e-10
TransactionDate_2025-01-29,4.121283506305858e-10
CustomerID_AC-108373,4.1045997217983233e-10
CustomerID_AC-104005,4.1043173058715095e-10
CustomerID_AC-108337,4.096931556620718e-10
TransactionDate_2025-01-31,4.0918066093164207e-10
CustomerID_AC-109527,4.083919449396306e-10
TransactionDate_2024-07-16,4.070600736929699e-10
CustomerID_AC-100046,4.0506344315894456e-10
CustomerID_AC-109270,4.0215964989019237e-10
CustomerID_AC-109590,4.0169275303382136e-10
CustomerID_AC-105352,3.9884787646630525e-10
TransactionDate_2025-05-05,3.982543423072066e-10
CustomerID_AC-100109,3.9638961873069313e-10
CustomerID_AC-106575,3.9466099606384887e-10
CustomerID_AC-106638,3.938973829084478e-10
CustomerID_AC-102034,3.9236805300103185e-10
TransactionDate_2024-01-24,3.893416574068235e-10
TransactionDate_2024-04-23,3.89083863587661e-10
TransactionDate_2024-06-28,3.8830940458690255e-10
TransactionDate_2024-08-28,3.832798717351654e-10
CustomerID_AC-105439,3.825876135160827e-10
TransactionDate_2024-08-23,3.8013084040581065e-10
TransactionDate_2025-02-26,3.7947838209176336e-10
CustomerID_AC-108782,3.7844852613747247e-10
CustomerID_AC-104058,3.7767058342261054e-10
CustomerID_AC-106928,3.772754033174958e-10
CustomerID_AC-105263,3.750546534286081e-10
CustomerID_AC-100927,3.7141318004280785e-10
CustomerID_AC-106097,3.6951018706618534e-10
CustomerID_AC-109277,3.6901504627953647e-10
CustomerID_AC-103796,3.6864873850525536e-10
TransactionDate_2025-05-26,3.655165487610057e-10
TransactionDate_2024-08-30,3.650628833442375e-10
CustomerID_AC-104543,3.6467065075929203e-10
TransactionDate_2024-12-01,3.6434548878979476e-10
TransactionDate_2024-03-21,3.6393560281953066e-10
CustomerID_AC-101707,3.615977336468528e-10
CustomerID_AC-102438,3.597763062756551e-10
CustomerID_AC-107296,3.5845036252045064e-10
CustomerID_AC-105388,3.5753325329813517e-10
CustomerID_AC-102141,3.56015475916573e-10
CustomerID_AC-103676,3.550985168668495e-10
CustomerID_AC-105364,3.5353616728378966e-10
CustomerID_AC-104983,3.5181741341324217e-10
CustomerID_AC-108216,3.4923943716300585e-10
TransactionDate_2025-02-27,3.467243051950283e-10
CustomerID_AC-109786,3.4396316928014796e-10
CustomerID_AC-103321,3.4389524933006503e-10
TransactionDate_2024-01-08,3.438733250602713e-10
TransactionDate_2025-04-22,3.431600540919311e-10
TransactionDate_2025-06-19,3.3953771419811545e-10
TransactionDate_2025-03-06,3.3797580057417073e-10
CustomerID_AC-109785,3.364403977653849e-10
CustomerID_AC-102994,3.36250968176929e-10
CustomerID_AC-103797,3.3609936306485e-10
CustomerID_AC-100519,3.3217154455256556e-10
TransactionDate_2025-04-29,3.32032317615878e-10
CustomerID_AC-100779,3.3110610947754636e-10
CustomerID_AC-109970,3.2574650113313746e-10
CustomerID_AC-105325,3.250909912808984e-10
CustomerID_AC-107183,3.2410637212373126e-10
CustomerID_AC-102617,3.223825334060973e-10
CustomerID_AC-101452,3.216248242079809e-10
CustomerID_AC-109485,3.1885780537975424e-10
CustomerID_AC-109255,3.186870029168473e-10
CustomerID_AC-103241,3.169391422006789e-10
TransactionDate_2024-08-20,3.1682973444718505e-10
TransactionDate_2024-02-07,3.142034884064491e-10
CustomerID_AC-100262,3.134973144931884e-10
TransactionDate_2025-02-01,3.127990871775713e-10
CustomerID_AC-107323,3.127078839362041e-10
CustomerID_AC-109449,3.1158473525523425e-10
CustomerID_AC-107723,3.1157014024421845e-10
CustomerID_AC-101336,3.114507184392944e-10
CustomerID_AC-108620,3.1143203269201735e-10
CustomerID_AC-100770,3.090385057882911e-10
CustomerID_AC-104540,3.0891590276205594e-10
CustomerID_AC-106444,3.079738748732297e-10
CustomerID_AC-105776,3.060216358103684e-10
CustomerID_AC-108934,3.0564644895261975e-10
CustomerID_AC-105521,3.0539164219062834e-10
TransactionDate_2025-06-14,3.0486150092823074e-10
TransactionDate_2024-11-25,3.036066309031435e-10
CustomerID_AC-100886,3.0345018332668126e-10
TransactionDate_2024-06-11,3.0262457291555505e-10
CustomerID_AC-105556,3.017307037218975e-10
CustomerID_AC-104228,3.016571859470901e-10
CustomerID_AC-106025,2.9867328186673927e-10
CustomerID_AC-102624,2.984313070887334e-10
CustomerID_AC-104717,2.966170624158292e-10
CustomerID_AC-108697,2.9403958579185153e-10
TransactionDate_2024-03-13,2.926637780460102e-10
TransactionDate_2024-06-05,2.9179554424445956e-10
TransactionDate_2024-10-18,2.887587874303856e-10
TransactionDate_2024-01-17,2.8874571100319563e-10
TransactionDate_2025-02-15,2.856062068949566e-10
CustomerID_AC-103453,2.8483882246527216e-10
CustomerID_AC-109110,2.847929774279136e-10
TransactionDate_2024-02-25,2.8236925973408e-10
CustomerID_AC-101862,2.820826200288102e-10
CustomerID_AC-109080,2.8153768199509093e-10
TransactionDate_2025-01-25,2.760675714902646e-10
CustomerID_AC-100615,2.758343323357919e-10
CustomerID_AC-105506,2.7424336270742817e-10
CustomerID_AC-104342,2.7103350246121276e-10
CustomerID_AC-100231,2.69694661955268e-10
TransactionDate_2025-03-19,2.67996123492542e-10
TransactionDate_2025-04-26,2.667885808186482e-10
TransactionDate_2025-05-10,2.646789993150797e-10
CustomerID_AC-106207,2.6432097108764733e-10
TransactionDate_2024-02-04,2.635760129939766e-10
TransactionDate_2024-04-20,2.612897676226461e-10
TransactionDate_2024-06-20,2.6127744608819817e-10
CustomerID_AC-100099,2.6067331570208875e-10
CustomerID_AC-104440,2.601134669728512e-10
CustomerID_AC-106865,2.586373692698174e-10
CustomerID_AC-100848,2.574907379228872e-10
TransactionDate_2024-06-07,2.5713606244726056e-10
CustomerID_AC-105194,2.556727747865445e-10
CustomerID_AC-108509,2.553732768760941e-10
TransactionDate_2025-03-11,2.531992763980999e-10
TransactionDate_2024-04-25,2.526456462612324e-10
CustomerID_AC-103847,2.5101215854332796e-10
CustomerID_AC-106499,2.469786579949025e-10
TransactionDate_2025-06-20,2.4660241116457367e-10
CustomerID_AC-102963,2.449577563878697e-10
TransactionDate_2025-01-05,2.4455071756815585e-10
CustomerID_AC-109041,2.4413791741504594e-10
TransactionDate_2025-03-23,2.426975586535984e-10
TransactionDate_2024-12-24,2.4084416494043065e-10
CustomerID_AC-103874,2.4016515769293377e-10
CustomerID_AC-109508,2.398211796313789e-10
CustomerID_AC-107967,2.388840620718072e-10
CustomerID_AC-106245,2.387455076930599e-10
CustomerID_AC-103022,2.386013062042636e-10
CustomerID_AC-101173,2.375863199210115e-10
CustomerID_AC-100727,2.355027255722517e-10
CustomerID_AC-100404,2.3544653296904047e-10
CustomerID_AC-104376,2.353833488799318e-10
CustomerID_AC-105541,2.352712255827963e-10
TransactionDate_2024-12-20,2.352180691680652e-10
TransactionDate_2024-01-27,2.349892097698444e-10
CustomerID_AC-102652,2.3272454563912426e-10
CustomerID_AC-107264,2.3157403828377884e-10
CustomerID_AC-108778,2.3149113214196857e-10
CustomerID_AC-103399,2.303917394289876e-10
CustomerID_AC-101395,2.300178032113985e-10
TransactionDate_2024-07-25,2.2889097328765905e-10
CustomerID_AC-105235,2.285440268479883e-10
CustomerID_AC-106674,2.278163858110818e-10
CustomerID_AC-104907,2.2675201352771257e-10
TransactionDate_2024-08-02,2.2666599404600438e-10
CustomerID_AC-101921,2.2607265969176734e-10
CustomerID_AC-102158,2.2452649338239524e-10
TransactionDate_2024-11-03,2.233753140646039e-10
CustomerID_AC-104473,2.2155161305325104e-10
TransactionDate_2024-06-27,2.2070349377063038e-10
CustomerID_AC-106876,2.198939755695205e-10
CustomerID_AC-106922,2.16503541150067e-10
CustomerID_AC-104294,2.1357406744283879e-10
CustomerID_AC-103464,2.134735335035658e-10
CustomerID_AC-103100,2.1264513023974716e-10
CustomerID_AC-108297,2.1263062521864396e-10
TransactionDate_2024-05-11,2.1200597190720047e-10
CustomerID_AC-104222,2.058645962224239e-10
CustomerID_AC-100442,2.055360392927933e-10
CustomerID_AC-109189,2.035188887531897e-10
TransactionDate_2025-01-21,2.0287627977303188e-10
CustomerID_AC-106541,2.0205905718460088e-10
CustomerID_AC-109816,2.011319646682647e-10
CustomerID_AC-109331,2.0111195400659738e-10
CustomerID_AC-109161,2.0022676483090187e-10
CustomerID_AC-105206,1.9945744489534205e-10
CustomerID_AC-103730,1.9890645243958664e-10
TransactionDate_2025-04-20,1.9844691866156059e-10
CustomerID_AC-107560,1.983290423964548e-10
CustomerID_AC-107903,1.9758255886104324e-10
CustomerID_AC-106946,1.9752574755111696e-10
TransactionDate_2025-01-09,1.9672823523328424e-10
CustomerID_AC-108594,1.9643737489773472e-10
CustomerID_AC-102018,1.9600941825653569e-10
CustomerID_AC-103799,1.9581436933774894e-10
TransactionDate_2024-06-13,1.956683068836319e-10
CustomerID_AC-102364,1.9553017815521076e-10
CustomerID_AC-105617,1.9435806194492528e-10
CustomerID_AC-104320,1.9370617731357828e-10
CustomerID_AC-108810,1.9307788525833428e-10
CustomerID_AC-100275,1.9157127744485662e-10
TransactionDate_2024-02-08,1.9121844191811983e-10
CustomerID_AC-103414,1.9084315563322374e-10
TransactionDate_2025-01-03,1.895090413463143e-10
CustomerID_AC-101371,1.867820668528392e-10
CustomerID_AC-107799,1.856947255102159e-10
CustomerID_AC-105874,1.8365533675639503e-10
CustomerID_AC-106146,1.835676387611075e-10
CustomerID_AC-105061,1.8237338039643693e-10
CustomerID_AC-101406,1.82059520950594e-10
CustomerID_AC-107348,1.8158500438817668e-10
CustomerID_AC-101777,1.800453576697086e-10
CustomerID_AC-103056,1.7916206586835552e-10
CustomerID_AC-102428,1.785681597520542e-10
CustomerID_AC-106274,1.7794051549142764e-10
CustomerID_AC-101022,1.7598012051764054e-10
TransactionDate_2024-10-04,1.75672572629808e-10
CustomerID_AC-104954,1.738813059505735e-10
CustomerID_AC-108527,1.7351389833092443e-10
CustomerID_AC-109397,1.7281143847981848e-10
TransactionDate_2024-05-02,1.7208840083295165e-10
TransactionDate_2024-01-09,1.7073690844375561e-10
CustomerID_AC-105912,1.7019308864463393e-10
TransactionDate_2024-06-25,1.701027210254669e-10
CustomerID_AC-103366,1.6955736039403284e-10
CustomerID_AC-109262,1.6825676792011027e-10
CustomerID_AC-108935,1.644512492697784e-10
TransactionDate_2024-05-05,1.6294934628375256e-10
CustomerID_AC-108308,1.628367181118962e-10
CustomerID_AC-100974,1.621481475488172e-10
TransactionDate_2025-02-05,1.6190814002253558e-10
CustomerID_AC-103522,1.6023934647076604e-10
CustomerID_AC-109134,1.6006169244115218e-10
TransactionDate_2024-01-28,1.594957695581285e-10
TransactionDate_2025-04-16,1.5903543172991984e-10
CustomerID_AC-104397,1.5863664533221965e-10
CustomerID_AC-102239,1.5826155296950598e-10
TransactionDate_2024-07-06,1.5821414919049714e-10
CustomerID_AC-106105,1.5734106231373922e-10
CustomerID_AC-102626,1.5726634483556773e-10
CustomerID_AC-102620,1.5637037298759343e-10
CustomerID_AC-106278,1.5633693200611337e-10
CustomerID_AC-103076,1.5605555734457632e-10
CustomerID_AC-105646,1.5605494476177064e-10
TransactionDate_2024-03-22,1.5566204282176324e-10
CustomerID_AC-104772,1.55202935855102e-10
CustomerID_AC-104036,1.5510486009480744e-10
CustomerID_AC-102807,1.5507441165891743e-10
CustomerID_AC-108269,1.5418405666524992e-10
TransactionDate_2025-05-12,1.5353133553896474e-10
CustomerID_AC-104325,1.534333802132837e-10
TransactionDate_2024-04-10,1.5243146901824507e-10
TransactionDate_2024-09-22,1.524118943964736e-10
TransactionDate_2024-12-26,1.5231015547866024e-10
CustomerID_AC-108361,1.520066679263542e-10
CustomerID_AC-107413,1.5191581243055153e-10
CustomerID_AC-108641,1.5109406729528496e-10
TransactionDate_2024-11-05,1.5040462297293763e-10
TransactionDate_2025-01-20,1.4904090648381487e-10
TransactionDate_2024-10-02,1.4802321332903604e-10
TransactionDate_2024-03-24,1.4711759087379803e-10
TransactionDate_2025-05-22,1.4588312279893208e-10
CustomerID_AC-105808,1.4558700819683863e-10
TransactionDate_2025-05-07,1.453406850408949e-10
CustomerID_AC-104988,1.4512801474461883e-10
CustomerID_AC-100492,1.449137219213427e-10
CustomerID_AC-108070,1.446668513429169e-10
CustomerID_AC-107000,1.4451305042813474e-10
CustomerID_AC-103987,1.444403684858653e-10
CustomerID_AC-109304,1.440581388691202e-10
CustomerID_AC-102752,1.4328788968145534e-10
CustomerID_AC-106643,1.4323313956734084e-10
TransactionDate_2024-12-19,1.4316915993278652e-10
CustomerID_AC-106617,1.4315660548542546e-10
CustomerID_AC-104198,1.4312647750260495e-10
CustomerID_AC-106736,1.430228149674884e-10
CustomerID_AC-109260,1.4285106613781052e-10
CustomerID_AC-104640,1.4218712899734345e-10
CustomerID_AC-108891,1.4129834478739436e-10
CustomerID_AC-104692,1.4108324656532865e-10
CustomerID_AC-109773,1.4096120585324064e-10
CustomerID_AC-104288,1.4076927209722527e-10
TransactionDate_2024-02-11,1.4046091526437146e-10
TransactionDate_2025-03-30,1.3941530812837823e-10
TransactionDate_2024-12-18,1.3916087083646076e-10
CustomerID_AC-103818,1.380470695279605e-10
CustomerID_AC-100450,1.379918614436936e-10
CustomerID_AC-109967,1.378916771732747e-10
TransactionDate_2024-07-13,1.3757132888191773e-10
TransactionDate_2025-04-24,1.3732374344032509e-10
TransactionDate_2024-11-19,1.3724564191229347e-10
CustomerID_AC-104689,1.3718698817954504e-10
CustomerID_AC-103423,1.3695185514852705e-10
CustomerID_AC-106240,1.3686391951607985e-10
CustomerID_AC-109888,1.3659913139345815e-10
CustomerID_AC-104719,1.349730450784938e-10
CustomerID_AC-103845,1.3310371768912624e-10
CustomerID_AC-102972,1.330247132580253e-10
CustomerID_AC-104937,1.3282426870847073e-10
TransactionDate_2025-03-02,1.3276271449225158e-10
CustomerID_AC-106081,1.3239233700219574e-10
CustomerID_AC-107717,1.323798806722796e-10
TransactionDate_2025-02-18,1.3217366139726852e-10
CustomerID_AC-102479,1.3181071453205469e-10
CustomerID_AC-106439,1.3157935199311777e-10
TransactionDate_2025-02-20,1.305138625459885e-10
TransactionDate_2024-12-15,1.304228592382376e-10
CustomerID_AC-106860,1.303626485636707e-10
CustomerID_AC-101759,1.293573873177315e-10
CustomerID_AC-103903,1.2846355578184365e-10
CustomerID_AC-105743,1.2791681722691126e-10
TransactionDate_2024-11-12,1.2759129964426198e-10
CustomerID_AC-108418,1.27437288474279e-10
CustomerID_AC-104650,1.2694386212317507e-10
CustomerID_AC-102384,1.2675907665932557e-10
TransactionDate_2024-06-29,1.2609404926053876e-10
CustomerID_AC-104187,1.2547858740982189e-10
CustomerID_AC-105772,1.2504611336124766e-10
CustomerID_AC-105043,1.2497963771258343e-10
CustomerID_AC-102233,1.2477129134046113e-10
CustomerID_AC-103961,1.2424996266127912e-10
CustomerID_AC-106181,1.230937866939156e-10
CustomerID_AC-105379,1.22771076162343e-10
CustomerID_AC-102264,1.2267416401360513e-10
CustomerID_AC-100345,1.2267134783067877e-10
TransactionDate_2025-03-09,1.2205559361110917e-10
CustomerID_AC-106421,1.2098742700733992e-10
CustomerID_AC-104610,1.207570336135927e-10
TransactionDate_2024-04-30,1.2052948725817536e-10
CustomerID_AC-109066,1.2017839965106337e-10
CustomerID_AC-107370,1.1998776983473894e-10
CustomerID_AC-100758,1.1952316529075254e-10
CustomerID_AC-104951,1.1932721589625034e-10
CustomerID_AC-100896,1.1931414496197842e-10
CustomerID_AC-105584,1.1928736846657189e-10
TransactionDate_2025-04-07,1.189090563758964e-10
TransactionDate_2025-04-10,1.1840143145092813e-10
CustomerID_AC-100600,1.1834092895478301e-10
CustomerID_AC-104884,1.1749315327248516e-10
TransactionDate_2025-03-01,1.1705405825516948e-10
TransactionDate_2025-01-30,1.1672286083269753e-10
TransactionDate_2024-03-10,1.1610549145857762e-10
CustomerID_AC-100952,1.1596403524922135e-10
CustomerID_AC-106861,1.1584119154394456e-10
TransactionDate_2024-04-24,1.151564979368113e-10
TransactionDate_2025-06-15,1.1501269357269328e-10
TransactionDate_2024-12-06,1.1390149834845191e-10
CustomerID_AC-109268,1.137800393806404e-10
CustomerID_AC-100652,1.1229574937894108e-10
CustomerID_AC-105129,1.1217926693387136e-10
TransactionDate_2024-12-08,1.1211457726027614e-10
CustomerID_AC-108780,1.1047531240659652e-10
TransactionDate_2025-03-04,1.0994970248330616e-10
CustomerID_AC-106085,1.095084916703606e-10
CustomerID_AC-103219,1.0873303889296385e-10
CustomerID_AC-102644,1.0862443197077837e-10
CustomerID_AC-106598,1.0817624042912151e-10
CustomerID_AC-100706,1.0792376509569876e-10
TransactionDate_2024-05-30,1.0719221186370138e-10
CustomerID_AC-100113,1.0710682621270566e-10
CustomerID_AC-106058,1.0662336722604458e-10
CustomerID_AC-101225,1.0626011581707478e-10
CustomerID_AC-106459,1.0568497889680799e-10
CustomerID_AC-105184,1.0445244787252299e-10
CustomerID_AC-100773,1.0281055272760019e-10
TransactionDate_2024-12-27,1.0242951273053873e-10
TransactionDate_2024-09-19,1.0181338243885619e-10
CustomerID_AC-100295,1.0178663678135569e-10
CustomerID_AC-100111,1.013185446658953e-10
CustomerID_AC-104375,1.0128958591762152e-10
CustomerID_AC-101438,1.0058263830741468e-10
CustomerID_AC-109802,1.0055443526625485e-10
TransactionDate_2024-10-24,1.0007620428626566e-10
CustomerID_AC-105974,1.0000369033129946e-10
CustomerID_AC-108029,9.929507365253474e-11
CustomerID_AC-101296,9.825555194310081e-11
CustomerID_AC-103387,9.805935387918394e-11
CustomerID_AC-106750,9.700634107199658e-11
TransactionDate_2024-08-07,9.696502376747055e-11
CustomerID_AC-104462,9.670177740468913e-11
CustomerID_AC-104165,9.621927968002295e-11
CustomerID_AC-101274,9.542058428958959e-11
CustomerID_AC-101351,9.385535402612308e-11
CustomerID_AC-108881,9.374624820698724e-11
CustomerID_AC-102189,9.33617064040673e-11
CustomerID_AC-106694,9.284814516709801e-11
CustomerID_AC-100750,9.241801851998718e-11
CustomerID_AC-107385,9.176347134207915e-11
CustomerID_AC-109256,9.16058666984994e-11
CustomerID_AC-109382,9.155572083586427e-11
CustomerID_AC-105828,9.149901008635349e-11
CustomerID_AC-102861,9.12754210966267e-11
CustomerID_AC-102880,9.07826994728389e-11
CustomerID_AC-108415,9.06256339474724e-11
CustomerID_AC-101196,9.051708965497909e-11
CustomerID_AC-103024,8.931604870338763e-11
CustomerID_AC-109589,8.902544765902461e-11
CustomerID_AC-100011,8.892837174983475e-11
CustomerID_AC-107892,8.85689780826521e-11
CustomerID_AC-100021,8.718131457485612e-11
CustomerID_AC-103068,8.669483529711104e-11
CustomerID_AC-103292,8.638250406490624e-11
TransactionDate_2024-03-23,8.631345490510665e-11
CustomerID_AC-108736,8.593246899079382e-11
CustomerID_AC-101516,8.57322966415245e-11
CustomerID_AC-100038,8.551693765385907e-11
CustomerID_AC-100175,8.525242336987024e-11
CustomerID_AC-108724,8.508201462448487e-11
CustomerID_AC-101422,8.430873608200561e-11
CustomerID_AC-109439,8.421078527559536e-11
CustomerID_AC-106813,8.319188609607366e-11
TransactionDate_2025-02-10,8.233690348725502e-11
CustomerID_AC-105514,8.199194389241463e-11
CustomerID_AC-106480,8.175555330998438e-11
TransactionDate_2024-12-12,8.161547668354536e-11
CustomerID_AC-107351,8.160139976610745e-11
CustomerID_AC-100708,8.085451567210592e-11
TransactionDate_2025-06-01,8.06711305452458e-11
CustomerID_AC-106524,8.028143709982028e-11
CustomerID_AC-104677,8.023649502201236e-11
CustomerID_AC-106360,8.005144351884865e-11
TransactionDate_2025-05-18,8.00513403831196e-11
CustomerID_AC-100922,7.974396117924211e-11
CustomerID_AC-109619,7.899311616500897e-11
TransactionDate_2024-07-30,7.867051966848625e-11
CustomerID_AC-105578,7.819091968695428e-11
CustomerID_AC-107761,7.795767682598633e-11
CustomerID_AC-107728,7.733363381464803e-11
CustomerID_AC-107151,7.721476965690706e-11
TransactionDate_2024-09-29,7.710007596289287e-11
CustomerID_AC-104748,7.66878657871478e-11
CustomerID_AC-102811,7.52845909955283e-11
CustomerID_AC-100637,7.439588339790801e-11
CustomerID_AC-105217,7.432365008199604e-11
CustomerID_AC-108824,7.302395440821856e-11
TransactionDate_2025-01-12,7.287129704363649e-11
CustomerID_AC-100142,7.257056017783759e-11
TransactionDate_2024-04-14,7.255554633300783e-11
TransactionDate_2024-12-02,7.238883958021769e-11
CustomerID_AC-103351,7.218829123211276e-11
CustomerID_AC-109676,7.190965151612477e-11
CustomerID_AC-106669,7.189759121432766e-11
TransactionDate_2024-06-23,7.127575762020663e-11
CustomerID_AC-108344,7.091840309064042e-11
CustomerID_AC-107378,7.083023421553749e-11
CustomerID_AC-103470,7.081035360397627e-11
CustomerID_AC-101174,7.070384325101844e-11
TransactionDate_2024-03-31,7.038057710279001e-11
TransactionDate_2025-03-08,6.926813393278115e-11
CustomerID_AC-100753,6.924462228495839e-11
CustomerID_AC-105775,6.846765607255496e-11
CustomerID_AC-109612,6.836891390496917e-11
TransactionDate_2024-09-17,6.642129271438366e-11
CustomerID_AC-101510,6.592353577364832e-11
CustomerID_AC-108191,6.537529965713582e-11
CustomerID_AC-105475,6.502153454049132e-11
CustomerID_AC-105489,6.493847414143112e-11
CustomerID_AC-102259,6.493086860604918e-11
TransactionDate_2024-08-06,6.440109025364168e-11
CustomerID_AC-108100,6.435802331308168e-11
CustomerID_AC-108873,6.380506367807924e-11
CustomerID_AC-103680,6.380113876626906e-11
CustomerID_AC-100814,6.359984015352899e-11
CustomerID_AC-108779,6.354288036055564e-11
TransactionDate_2024-05-15,6.323544553257903e-11
CustomerID_AC-102172,6.320237672513072e-11
TransactionDate_2024-04-11,6.271411684854088e-11
CustomerID_AC-102569,6.206770670314168e-11
CustomerID_AC-106188,6.118539941285144e-11
CustomerID_AC-106991,6.106871310171676e-11
CustomerID_AC-101677,6.062652283175014e-11
CustomerID_AC-100205,6.039089583434207e-11
CustomerID_AC-106143,6.03343144603739e-11
CustomerID_AC-100639,5.981504943809907e-11
CustomerID_AC-105415,5.97948344685089e-11
CustomerID_AC-105399,5.940993850894909e-11
CustomerID_AC-103648,5.912860398829657e-11
CustomerID_AC-102346,5.910807878442781e-11
CustomerID_AC-104314,5.883132240271781e-11
CustomerID_AC-101463,5.849182499435486e-11
CustomerID_AC-100297,5.83494373917245e-11
TransactionDate_2024-05-03,5.833727831830699e-11
CustomerID_AC-103362,5.7227661557068324e-11
CustomerID_AC-105064,5.6678512407224116e-11
CustomerID_AC-100221,5.596249709540245e-11
CustomerID_AC-106239,5.560988115826014e-11
CustomerID_AC-107101,5.540802730853458e-11
CustomerID_AC-108456,5.5253436936326916e-11
CustomerID_AC-105223,5.480039458237726e-11
TransactionDate_2024-05-21,5.4502768881983675e-11
CustomerID_AC-103904,5.4372181808516285e-11
CustomerID_AC-102147,5.425924039895582e-11
CustomerID_AC-105978,5.3918058839804296e-11
CustomerID_AC-108531,5.344127158831199e-11
CustomerID_AC-107340,5.151434101364481e-11
TransactionDate_2025-04-02,5.134918974380296e-11
TransactionDate_2024-04-29,5.134353170014635e-11
CustomerID_AC-107801,5.132054458903439e-11
CustomerID_AC-109225,5.093326429628054e-11
CustomerID_AC-105836,5.0908453131162386e-11
CustomerID_AC-101467,5.0386327648893534e-11
CustomerID_AC-109641,4.9902425061686336e-11
CustomerID_AC-102949,4.9689419580383515e-11
TransactionDate_2025-03-22,4.9504762444463484e-11
CustomerID_AC-102437,4.9225089672295854e-11
CustomerID_AC-102327,4.858829746438732e-11
CustomerID_AC-100894,4.823419549912904e-11
CustomerID_AC-100566,4.797178056589368e-11
CustomerID_AC-100203,4.714208996242686e-11
TransactionDate_2024-06-04,4.650033759300218e-11
CustomerID_AC-109232,4.6490763600379386e-11
CustomerID_AC-100260,4.6303725599420724e-11
TransactionDate_2024-05-20,4.610978330720938e-11
CustomerID_AC-105784,4.61052812904757e-11
CustomerID_AC-101714,4.6060183257488176e-11
CustomerID_AC-109682,4.569261987562202e-11
TransactionDate_2025-03-12,4.5584225525098546e-11
CustomerID_AC-109757,4.550319791167615e-11
CustomerID_AC-103403,4.5210823151374635e-11
TransactionDate_2024-07-03,4.509715858703435e-11
CustomerID_AC-102025,4.5057595511035755e-11
CustomerID_AC-102501,4.445439449083751e-11
TransactionDate_2025-02-12,4.43621155790968e-11
CustomerID_AC-105004,4.400185555390303e-11
CustomerID_AC-105986,4.351558186858287e-11
CustomerID_AC-101969,4.2756434613695106e-11
CustomerID_AC-106197,4.2638212231715174e-11
TransactionDate_2025-06-22,4.219547725966519e-11
TransactionDate_2025-02-22,4.217937479951711e-11
CustomerID_AC-108184,4.2017346858588854e-11
CustomerID_AC-102328,4.16617821137743e-11
CustomerID_AC-103529,4.152636868388911e-11
TransactionDate_2024-10-20,4.1430239860201406e-11
TransactionDate_2024-06-22,4.122900634283997e-11
CustomerID_AC-102866,4.112382523045666e-11
CustomerID_AC-103344,4.0703646971252686e-11
CustomerID_AC-101150,4.021624539646365e-11
CustomerID_AC-106462,4.0206986707338034e-11
CustomerID_AC-109510,3.975458405931272e-11
CustomerID_AC-106302,3.965377414836578e-11
CustomerID_AC-106511,3.951862896266097e-11
CustomerID_AC-108718,3.950193928076977e-11
CustomerID_AC-102692,3.940898980886213e-11
CustomerID_AC-102432,3.916644088154219e-11
TransactionDate_2025-03-29,3.900207835919034e-11
CustomerID_AC-104561,3.88221398685976e-11
CustomerID_AC-108310,3.778885355924117e-11
CustomerID_AC-104074,3.760040340395293e-11
CustomerID_AC-105605,3.7546675232769576e-11
CustomerID_AC-106868,3.75461668312126e-11
CustomerID_AC-109534,3.711640630245429e-11
CustomerID_AC-107589,3.6952639335263906e-11
TransactionDate_2024-05-06,3.688759915352241e-11
CustomerID_AC-109179,3.667938375500928e-11
CustomerID_AC-102662,3.65967205176017e-11
CustomerID_AC-109049,3.655657834115309e-11
CustomerID_AC-105481,3.641994903305902e-11
CustomerID_AC-107147,3.634242149752058e-11
CustomerID_AC-100379,3.58370111652508e-11
CustomerID_AC-102542,3.498538250479333e-11
CustomerID_AC-107825,3.49492132409893e-11
TransactionDate_2024-05-19,3.4814793921017236e-11
CustomerID_AC-108175,3.4701098789357677e-11
CustomerID_AC-107775,3.4469894547745006e-11
CustomerID_AC-106896,3.444813266297799e-11
CustomerID_AC-101051,3.4284712046111884e-11
CustomerID_AC-102612,3.420952102489827e-11
CustomerID_AC-107729,3.417786631823193e-11
CustomerID_AC-100567,3.3870488409808087e-11
TransactionDate_2024-10-22,3.3480149668981454e-11
CustomerID_AC-102343,3.345221259664735e-11
CustomerID_AC-107599,3.288876870792498e-11
TransactionDate_2024-05-27,3.288459663769143e-11
CustomerID_AC-107681,3.259202838935166e-11
CustomerID_AC-103276,3.2505216996102135e-11
CustomerID_AC-100504,3.1647419317834823e-11
CustomerID_AC-106267,3.163755493325677e-11
CustomerID_AC-104309,3.127982870579065e-11
CustomerID_AC-103663,3.1275945602961106e-11
CustomerID_AC-103899,3.113235502997918e-11
CustomerID_AC-103095,3.10059541797043e-11
TransactionDate_2024-09-07,3.098563327908976e-11
CustomerID_AC-109440,3.079579135706224e-11
CustomerID_AC-108907,3.078862988971454e-11
CustomerID_AC-103982,3.062247012208521e-11
CustomerID_AC-101876,3.061046797682066e-11
CustomerID_AC-108156,3.033661731405596e-11
CustomerID_AC-106670,2.995439813763807e-11
CustomerID_AC-106732,2.9829634361480245e-11
CustomerID_AC-103041,2.964152935208371e-11
CustomerID_AC-107701,2.957834489353423e-11
CustomerID_AC-102730,2.945644140505453e-11
CustomerID_AC-100755,2.934437273623121e-11
CustomerID_AC-100244,2.9233040756202256e-11
CustomerID_AC-103587,2.9157000966800764e-11
CustomerID_AC-105391,2.915427665379932e-11
CustomerID_AC-102056,2.901731000431352e-11
CustomerID_AC-108872,2.891007110577692e-11
CustomerID_AC-105669,2.87691208477107e-11
CustomerID_AC-103283,2.813172606388921e-11
CustomerID_AC-100280,2.7894458161959552e-11
CustomerID_AC-100900,2.779223279225194e-11
CustomerID_AC-104858,2.7260827852646383e-11
CustomerID_AC-108248,2.7163976154960708e-11
CustomerID_AC-103723,2.7154774219952072e-11
CustomerID_AC-102990,2.71387023404209e-11
CustomerID_AC-107943,2.706877551550928e-11
CustomerID_AC-104200,2.6918831034568692e-11
CustomerID_AC-107755,2.6831175136171644e-11
CustomerID_AC-100846,2.6797792948668263e-11
TransactionDate_2025-04-11,2.662909149967445e-11
CustomerID_AC-104669,2.6376373612447253e-11
CustomerID_AC-103826,2.6353178295839647e-11
CustomerID_AC-100320,2.621463992578136e-11
CustomerID_AC-108099,2.5576318391688148e-11
TransactionDate_2025-05-01,2.5516734031751474e-11
CustomerID_AC-108583,2.5190439480652666e-11
CustomerID_AC-102605,2.4891731104634194e-11
CustomerID_AC-101730,2.476372669552102e-11
CustomerID_AC-107011,2.468462628001648e-11
TransactionDate_2025-04-17,2.4682750581768222e-11
TransactionDate_2025-03-05,2.432789929950628e-11
CustomerID_AC-109070,2.418141067201265e-11
TransactionDate_2024-12-23,2.398608527886479e-11
CustomerID_AC-105958,2.394628199428826e-11
CustomerID_AC-100347,2.3835927815656497e-11
CustomerID_AC-109231,2.3523045518937557e-11
CustomerID_AC-105473,2.342529424934215e-11
CustomerID_AC-108817,2.30252535377539e-11
CustomerID_AC-104007,2.298605551379971e-11
CustomerID_AC-108864,2.2976734739263194e-11
CustomerID_AC-103065,2.272112083827978e-11
CustomerID_AC-105037,2.2481300004215594e-11
CustomerID_AC-105497,2.24440058137365e-11
CustomerID_AC-107325,2.2394444861373173e-11
CustomerID_AC-104992,2.234831489771723e-11
CustomerID_AC-100026,2.222181882869204e-11
CustomerID_AC-100145,2.2130205411223928e-11
CustomerID_AC-108674,2.1935250962276838e-11
CustomerID_AC-101100,2.1853001395316586e-11
CustomerID_AC-100712,2.174917425457893e-11
CustomerID_AC-102669,2.168098945735834e-11
CustomerID_AC-104259,2.156219192541827e-11
CustomerID_AC-108964,2.141730052444224e-11
CustomerID_AC-109051,2.1374239920802382e-11
TransactionDate_2024-04-18,2.1161528756485267e-11
TransactionDate_2025-04-23,2.0978420102320077e-11
TransactionDate_2024-12-25,2.093761316248619e-11
TransactionDate_2025-03-31,2.087480925411828e-11
CustomerID_AC-100307,2.0755652840985257e-11
CustomerID_AC-105619,2.0728502940548617e-11
CustomerID_AC-108380,2.0618862185304152e-11
CustomerID_AC-106203,2.0123854196384212e-11
TransactionDate_2024-08-17,2.0116451880994063e-11
CustomerID_AC-107479,1.9980397376080287e-11
CustomerID_AC-102697,1.9798138498811264e-11
CustomerID_AC-109474,1.9732085093407633e-11
CustomerID_AC-106051,1.9565011898233452e-11
CustomerID_AC-101478,1.9486176490446806e-11
CustomerID_AC-109132,1.9330776679606765e-11
CustomerID_AC-100524,1.9248178220504405e-11
CustomerID_AC-104987,1.9167656306995316e-11
CustomerID_AC-102348,1.916507799557044e-11
CustomerID_AC-104641,1.9034304536829934e-11
CustomerID_AC-104916,1.865070838201862e-11
CustomerID_AC-104591,1.8566102624561955e-11
CustomerID_AC-103760,1.849904915901775e-11
CustomerID_AC-100108,1.839330907219231e-11
CustomerID_AC-101866,1.8348892334179688e-11
CustomerID_AC-100550,1.8055053571854357e-11
CustomerID_AC-101299,1.8018340640776855e-11
CustomerID_AC-102758,1.801358973592314e-11
CustomerID_AC-109069,1.792928949957216e-11
CustomerID_AC-102642,1.780628569865086e-11
CustomerID_AC-107854,1.778043406063262e-11
CustomerID_AC-102977,1.763835338620501e-11
CustomerID_AC-105137,1.743286993077718e-11
CustomerID_AC-105262,1.734330027819183e-11
CustomerID_AC-108912,1.7304481000534966e-11
CustomerID_AC-104846,1.7302745918772896e-11
TransactionDate_2024-02-10,1.7290283579574508e-11
CustomerID_AC-105315,1.728463969333923e-11
TransactionDate_2025-02-04,1.7103686242793613e-11
CustomerID_AC-100876,1.7056058399929812e-11
CustomerID_AC-105318,1.7035244900263672e-11
CustomerID_AC-102111,1.6678159322554774e-11
CustomerID_AC-102815,1.6671687394201477e-11
CustomerID_AC-107748,1.650314541747621e-11
CustomerID_AC-104911,1.6118470618748453e-11
CustomerID_AC-106184,1.6089065540878665e-11
CustomerID_AC-101380,1.6048487046405648e-11
CustomerID_AC-107294,1.599950139135739e-11
TransactionDate_2024-01-06,1.595493935292869e-11
CustomerID_AC-108202,1.587578713856346e-11
CustomerID_AC-109390,1.56842964920106e-11
CustomerID_AC-100474,1.5680037224984338e-11
CustomerID_AC-107920,1.506376069990767e-11
TransactionDate_2025-06-24,1.5055460266232436e-11
CustomerID_AC-108504,1.498348117143166e-11
TransactionDate_2024-09-15,1.4335298751170289e-11
CustomerID_AC-103364,1.409549934765454e-11
CustomerID_AC-103153,1.4068870809311243e-11
CustomerID_AC-109733,1.40432359868329e-11
CustomerID_AC-100725,1.4037758253058966e-11
CustomerID_AC-100926,1.4015228340229606e-11
CustomerID_AC-105301,1.4005871994093398e-11
CustomerID_AC-103719,1.3901600272472683e-11
CustomerID_AC-105948,1.3893835808106038e-11
CustomerID_AC-105707,1.3795031141098979e-11
CustomerID_AC-105927,1.3791393749480283e-11
CustomerID_AC-100218,1.37284330987779e-11
TransactionDate_2024-03-16,1.337783995021465e-11
CustomerID_AC-105838,1.3138635558523515e-11
CustomerID_AC-104649,1.2980776805512557e-11
CustomerID_AC-103418,1.2979198499663613e-11
CustomerID_AC-100287,1.2877849088363418e-11
CustomerID_AC-104679,1.2792179080077022e-11
TransactionDate_2025-04-06,1.2766188606963318e-11
CustomerID_AC-100137,1.254791996293468e-11
CustomerID_AC-108446,1.2507287809681305e-11
CustomerID_AC-103728,1.2349896608607913e-11
CustomerID_AC-104982,1.230452887295735e-11
TransactionDate_2024-04-28,1.2278505000415702e-11
TransactionDate_2024-07-09,1.2261896535646143e-11
CustomerID_AC-102373,1.2232757112935393e-11
CustomerID_AC-109310,1.2086862429394912e-11
CustomerID_AC-100511,1.1994253586830333e-11
CustomerID_AC-102234,1.1929356003769843e-11
CustomerID_AC-106261,1.1869422201808704e-11
CustomerID_AC-105156,1.1830831587530698e-11
TransactionDate_2024-01-16,1.1725645623885698e-11
CustomerID_AC-109765,1.1312737679303294e-11
CustomerID_AC-104280,1.1177402002263988e-11
CustomerID_AC-106522,1.0954288564032877e-11
CustomerID_AC-106657,1.0875133740061473e-11
CustomerID_AC-109860,1.0638939864020954e-11
CustomerID_AC-101243,1.0596795705192424e-11
CustomerID_AC-105654,1.0589759943156364e-11
CustomerID_AC-102695,1.0490886695439878e-11
CustomerID_AC-106793,1.0443405007927366e-11
CustomerID_AC-107772,1.0395293279328902e-11
TransactionDate_2024-10-09,1.0332515311377783e-11
CustomerID_AC-103549,1.0297472351559711e-11
CustomerID_AC-108765,1.0260823708636354e-11
CustomerID_AC-102090,1.0233113505427118e-11
CustomerID_AC-102696,1.020611067716083e-11
CustomerID_AC-105550,1.0158877562749026e-11
TransactionDate_2024-12-16,1.013841865549328e-11
CustomerID_AC-105834,1.0088345574143944e-11
TransactionDate_2024-01-13,9.905522837543796e-12
CustomerID_AC-109817,9.869945402437772e-12
CustomerID_AC-102615,9.841313592187196e-12
CustomerID_AC-103792,9.53866014289151e-12
CustomerID_AC-101879,9.385383619032794e-12
CustomerID_AC-108091,9.31512015154595e-12
CustomerID_AC-102907,9.043562362244942e-12
CustomerID_AC-100618,9.027686972014634e-12
CustomerID_AC-100277,8.991551618976754e-12
TransactionDate_2025-02-06,8.696347480006094e-12
CustomerID_AC-109168,8.66785979503227e-12
CustomerID_AC-106454,8.595839858168962e-12
CustomerID_AC-100049,8.490851745773792e-12
CustomerID_AC-107703,8.475588741116766e-12
CustomerID_AC-109875,8.394486804014736e-12
CustomerID_AC-101301,8.353965121235782e-12
CustomerID_AC-105226,8.339157826983416e-12
CustomerID_AC-108141,8.334616647532512e-12
CustomerID_AC-100486,8.291350502749668e-12
CustomerID_AC-100890,8.28937443428361e-12
TransactionDate_2024-10-19,8.2831871336359e-12
CustomerID_AC-109120,8.260546827521984e-12
TransactionDate_2024-10-11,8.218858195527635e-12
CustomerID_AC-105412,8.217765799162647e-12
CustomerID_AC-102477,8.158741629249051e-12
CustomerID_AC-105486,8.068083480311516e-12
CustomerID_AC-104088,7.860931405779835e-12
CustomerID_AC-109533,7.833843411625257e-12
CustomerID_AC-101913,7.673969062120204e-12
CustomerID_AC-107190,7.458881131514586e-12
CustomerID_AC-104710,7.411071401609856e-12
CustomerID_AC-106665,7.323635722671373e-12
CustomerID_AC-100051,7.283663834753972e-12
CustomerID_AC-105349,7.281587789687754e-12
CustomerID_AC-100057,7.280543157712822e-12
CustomerID_AC-102645,7.270535442361493e-12
CustomerID_AC-105703,7.202894503995798e-12
CustomerID_AC-102368,7.163764704375528e-12
TransactionDate_2024-01-04,7.0885275192120255e-12
CustomerID_AC-102203,6.933009077072679e-12
CustomerID_AC-100910,6.9280792419186305e-12
CustomerID_AC-107345,6.890007362405909e-12
CustomerID_AC-103209,6.831829578904204e-12
TransactionDate_2024-06-03,6.8128304516000775e-12
CustomerID_AC-102796,6.744813724596533e-12
CustomerID_AC-103325,6.703347379814522e-12
CustomerID_AC-100635,6.6944698858906e-12
CustomerID_AC-104585,6.6304415442684375e-12
CustomerID_AC-103202,6.575941765256377e-12
CustomerID_AC-106061,6.5470289347151e-12
CustomerID_AC-107541,6.460239339410882e-12
CustomerID_AC-103767,6.433170560912574e-12
CustomerID_AC-103149,6.332273432070397e-12
CustomerID_AC-108436,6.324952611297253e-12
CustomerID_AC-109836,6.324449796564579e-12
CustomerID_AC-107507,6.2658297999031145e-12
CustomerID_AC-100403,6.236039048245597e-12
CustomerID_AC-107949,6.164510042125723e-12
CustomerID_AC-101127,6.153965828537833e-12
TransactionDate_2024-11-17,6.1528752230294886e-12
CustomerID_AC-105266,6.147370838730095e-12
CustomerID_AC-108632,6.133316865932195e-12
CustomerID_AC-108362,6.118776511252564e-12
CustomerID_AC-106417,5.988958569021873e-12
CustomerID_AC-109184,5.942100156931878e-12
CustomerID_AC-106525,5.93511096129681e-12
TransactionDate_2025-06-04,5.8803490702336055e-12
TransactionDate_2025-05-29,5.825279336073366e-12
CustomerID_AC-107438,5.653358744331602e-12
CustomerID_AC-103496,5.62203477083703e-12
CustomerID_AC-106159,5.581411505474689e-12
TransactionDate_2025-01-18,5.49095043499528e-12
CustomerID_AC-102999,5.369296350114995e-12
TransactionDate_2024-06-02,5.2737791450533344e-12
CustomerID_AC-101071,5.26182608190772e-12
CustomerID_AC-104877,5.245702145097663e-12
CustomerID_AC-100553,5.206677980490705e-12
CustomerID_AC-106953,5.19605943183401e-12
CustomerID_AC-109797,5.165867249379488e-12
CustomerID_AC-106088,5.087987212282318e-12
CustomerID_AC-107040,5.079357690381203e-12
CustomerID_AC-102578,5.055543344062282e-12
CustomerID_AC-104356,5.039853529498029e-12
CustomerID_AC-101215,4.918309884830406e-12
CustomerID_AC-107339,4.903509159942164e-12
CustomerID_AC-109149,4.890655206572201e-12
CustomerID_AC-104464,4.84051902531216e-12
CustomerID_AC-106374,4.8337642314788285e-12
CustomerID_AC-103421,4.806317166795537e-12
CustomerID_AC-107523,4.775046597866468e-12
TransactionDate_2025-01-11,4.752345004217445e-12
CustomerID_AC-109549,4.749969627563945e-12
CustomerID_AC-107237,4.733047557703525e-12
CustomerID_AC-102424,4.711009432153103e-12
CustomerID_AC-105967,4.642837705298031e-12
CustomerID_AC-106974,4.6334660292248445e-12
CustomerID_AC-105504,4.5695958181742036e-12
CustomerID_AC-106359,4.449771473867955e-12
CustomerID_AC-101503,4.429499932528135e-12
CustomerID_AC-108685,4.4137805806319195e-12
CustomerID_AC-105637,4.4137805806319195e-12
TransactionDate_2024-08-19,4.358509087535568e-12
CustomerID_AC-108546,4.327109903546845e-12
TransactionDate_2024-04-27,4.324283728390983e-12
CustomerID_AC-104926,4.284191179694308e-12
CustomerID_AC-108347,4.283419666274037e-12
CustomerID_AC-102913,4.245898667764476e-12
CustomerID_AC-100507,4.241978193251876e-12
CustomerID_AC-107353,4.193067492592143e-12
CustomerID_AC-104984,4.172583191587313e-12
CustomerID_AC-104766,4.164684712366499e-12
CustomerID_AC-108108,4.110533074612108e-12
CustomerID_AC-100472,4.10055175678257e-12
CustomerID_AC-100789,3.894480716913864e-12
CustomerID_AC-103354,3.875903870483322e-12
CustomerID_AC-105857,3.872971793915598e-12
CustomerID_AC-108461,3.793057827577831e-12
CustomerID_AC-101635,3.791620577942838e-12
CustomerID_AC-100197,3.724964905875944e-12
CustomerID_AC-101029,3.713051201204686e-12
CustomerID_AC-107699,3.690270625084861e-12
CustomerID_AC-103221,3.576553972043551e-12
TransactionDate_2025-02-13,3.5639361873977875e-12
CustomerID_AC-104745,3.5627645387078027e-12
CustomerID_AC-101015,3.5610992979622e-12
CustomerID_AC-107282,3.4314794049699785e-12
CustomerID_AC-104744,3.391024179080198e-12
CustomerID_AC-101103,3.3107886163012724e-12
TransactionDate_2025-05-15,3.302781507475188e-12
CustomerID_AC-100235,3.219760244655132e-12
CustomerID_AC-104865,3.1585448936664513e-12
CustomerID_AC-105255,3.1555415546027175e-12
CustomerID_AC-101114,3.0860717748233596e-12
CustomerID_AC-105168,3.0344561193385588e-12
CustomerID_AC-100991,3.031465413747444e-12
TransactionDate_2024-02-03,3.0276761973911504e-12
CustomerID_AC-106948,3.01717999895091e-12
CustomerID_AC-109862,3.008932594606068e-12
CustomerID_AC-102220,2.986446263874771e-12
CustomerID_AC-107139,2.9763923972393584e-12
TransactionDate_2025-05-20,2.9714494616714642e-12
CustomerID_AC-107804,2.9317504013126764e-12
CustomerID_AC-100568,2.9154448076442457e-12
TransactionDate_2024-08-24,2.773863637523649e-12
CustomerID_AC-104648,2.7326220902202345e-12
TransactionDate_2024-03-05,2.7142235813776693e-12
CustomerID_AC-102773,2.648294607019339e-12
CustomerID_AC-104821,2.609766977135978e-12
CustomerID_AC-105860,2.596441877541042e-12
CustomerID_AC-100480,2.554367950544739e-12
CustomerID_AC-105755,2.5417172767152715e-12
TransactionDate_2024-11-16,2.50899764416036e-12
CustomerID_AC-101097,2.423994024379281e-12
CustomerID_AC-109872,2.410379838479906e-12
CustomerID_AC-101952,2.343424406146532e-12
CustomerID_AC-105071,2.3359832665895306e-12
CustomerID_AC-100620,2.313805233164585e-12
CustomerID_AC-103523,2.2912382630710075e-12
CustomerID_AC-101977,2.2892496785141823e-12
CustomerID_AC-100423,2.2522499860970025e-12
CustomerID_AC-100079,2.2177524392034017e-12
CustomerID_AC-103249,2.171479707895411e-12
CustomerID_AC-103736,2.122570889551241e-12
CustomerID_AC-102246,2.1072772031452035e-12
CustomerID_AC-102044,2.101389417828869e-12
CustomerID_AC-104563,2.098688908766293e-12
CustomerID_AC-103800,2.0396735840383242e-12
CustomerID_AC-106956,2.0264706989982144e-12
CustomerID_AC-101025,2.0176194256643865e-12
CustomerID_AC-107678,2.014492414747733e-12
CustomerID_AC-108390,2.001962670671795e-12
CustomerID_AC-105984,1.9613046408528393e-12
CustomerID_AC-102666,1.9265285389241617e-12
CustomerID_AC-102181,1.9026514259957084e-12
CustomerID_AC-107316,1.885947005504093e-12
CustomerID_AC-107387,1.8647868697695855e-12
TransactionDate_2025-03-24,1.8565873750489054e-12
CustomerID_AC-103768,1.8352951395326603e-12
CustomerID_AC-107359,1.8219196237490563e-12
CustomerID_AC-107356,1.6753186896560946e-12
CustomerID_AC-105526,1.6497917889468263e-12
CustomerID_AC-105822,1.611436386634272e-12
CustomerID_AC-107067,1.6002701665397697e-12
CustomerID_AC-107058,1.58476746696759e-12
CustomerID_AC-105409,1.4434337429814725e-12
TransactionDate_2025-06-27,1.4426132540475051e-12
CustomerID_AC-105029,1.436854716564964e-12
CustomerID_AC-108650,1.3977889353766724e-12
CustomerID_AC-104510,1.361487021601385e-12
TransactionDate_2024-02-09,1.2919679568277738e-12
CustomerID_AC-108871,1.2725043506532267e-12
CustomerID_AC-105995,1.2706261325118931e-12
CustomerID_AC-109758,1.2421322480301253e-12
CustomerID_AC-101647,1.2103036868197394e-12
CustomerID_AC-103919,1.207002197871183e-12
CustomerID_AC-102363,1.1912037051387104e-12
CustomerID_AC-106919,1.1569823224703548e-12
CustomerID_AC-102136,1.1287348345643137e-12
TransactionDate_2025-03-16,1.1034451451579799e-12
CustomerID_AC-107480,1.0914061511694824e-12
CustomerID_AC-107473,1.0765693355969881e-12
CustomerID_AC-100669,1.0282971025709778e-12
CustomerID_AC-107906,1.0075874010469163e-12
TransactionDate_2024-10-27,1.0053159966835344e-12
CustomerID_AC-108235,9.915832884330337e-13
TransactionDate_2024-04-04,9.749147625170104e-13
CustomerID_AC-104079,9.51789080186285e-13
CustomerID_AC-103941,9.437953085179362e-13
TransactionDate_2024-11-01,9.376721310757375e-13
CustomerID_AC-107776,9.075169856088055e-13
CustomerID_AC-100800,8.945510971364841e-13
CustomerID_AC-106069,8.892458805625113e-13
TransactionDate_2025-06-29,8.890562215549932e-13
CustomerID_AC-103238,8.763848797589607e-13
CustomerID_AC-108989,8.759937249710741e-13
CustomerID_AC-107494,8.677367418527663e-13
CustomerID_AC-109038,8.647670010614416e-13
CustomerID_AC-102846,8.376574551771686e-13
CustomerID_AC-108740,7.582946372402473e-13
CustomerID_AC-108271,7.53680454532665e-13
CustomerID_AC-103654,7.285697429175022e-13
CustomerID_AC-105049,7.043372102141746e-13
CustomerID_AC-101104,6.848661844533688e-13
CustomerID_AC-103084,6.810140740366586e-13
CustomerID_AC-108869,6.665541103366626e-13
TransactionDate_2024-10-21,6.450545583335993e-13
CustomerID_AC-109424,6.359388199638909e-13
CustomerID_AC-105608,6.324357701153218e-13
CustomerID_AC-103624,6.117650465108866e-13
CustomerID_AC-108260,6.051518434098697e-13
CustomerID_AC-100931,5.971459256493002e-13
CustomerID_AC-102067,5.896924685947714e-13
CustomerID_AC-104340,5.732655801258255e-13
CustomerID_AC-105221,5.717561649820756e-13
CustomerID_AC-106984,5.598575466372029e-13
CustomerID_AC-101177,5.420344246104814e-13
CustomerID_AC-107623,5.281680477568557e-13
CustomerID_AC-107552,5.191073790386713e-13
CustomerID_AC-106033,5.066176747495536e-13
CustomerID_AC-100664,5.028991869255123e-13
CustomerID_AC-105577,4.276906168704201e-13
CustomerID_AC-109643,4.221013338074892e-13
CustomerID_AC-103574,4.0080917176501816e-13
CustomerID_AC-102378,3.931906851687415e-13
TransactionDate_2025-04-01,3.7700507549811854e-13
CustomerID_AC-106098,3.625092054646969e-13
CustomerID_AC-107848,3.150323904165653e-13
CustomerID_AC-105201,3.1464492556631517e-13
TransactionDate_2025-02-17,3.0999147408800987e-13
CustomerID_AC-100375,2.827806434974528e-13
CustomerID_AC-106011,2.629839889184145e-13
CustomerID_AC-109859,2.5793499335869096e-13
CustomerID_AC-100771,2.476485326036736e-13
CustomerID_AC-103866,2.397083085727699e-13
CustomerID_AC-104789,2.32453818001897e-13
CustomerID_AC-109663,2.1687284684552378e-13
CustomerID_AC-100308,2.0491236129100317e-13
CustomerID_AC-101923,1.9655835863969196e-13
TransactionDate_2025-05-16,1.6108085120786885e-13
CustomerID_AC-102014,1.552198666481945e-13
CustomerID_AC-102944,1.5440739594854884e-13
CustomerID_AC-109307,1.4453501479678156e-13
CustomerID_AC-101082,1.3898291552918692e-13
CustomerID_AC-109056,1.344781839176235e-13
TransactionDate_2025-05-27,1.3196429649757103e-13
CustomerID_AC-109137,1.1943032666243963e-13
CustomerID_AC-106602,1.1737067815378095e-13
CustomerID_AC-107922,1.096494599942648e-13
TransactionDate_2025-01-15,0.0
CustomerID_AC-103576,0.0
TransactionDate_2025-01-17,0.0
CustomerID_AC-103622,0.0
CustomerID_AC-103700,0.0
CustomerID_AC-103660,0.0
CustomerID_AC-103708,0.0
CustomerID_AC-103277,0.0
CustomerID_AC-103544,0.0
CustomerID_AC-103420,0.0
CustomerID_AC-102728,0.0
CustomerID_AC-102769,0.0
CustomerID_AC-102778,0.0
CustomerID_AC-102805,0.0
CustomerID_AC-102850,0.0
CustomerID_AC-102853,0.0
CustomerID_AC-102856,0.0
CustomerID_AC-102867,0.0
CustomerID_AC-102876,0.0
CustomerID_AC-102919,0.0
CustomerID_AC-102983,0.0
CustomerID_AC-103026,0.0
CustomerID_AC-103034,0.0
CustomerID_AC-103045,0.0
CustomerID_AC-103212,0.0
CustomerID_AC-103260,0.0
CustomerID_AC-103802,0.0
CustomerID_AC-103280,0.0
CustomerID_AC-103319,0.0
CustomerID_AC-103334,0.0
CustomerID_AC-103400,0.0
CustomerID_AC-103722,0.0
CustomerID_AC-104019,0.0
CustomerID_AC-103828,0.0
TransactionDate_2025-01-06,0.0
CustomerID_AC-104456,0.0
CustomerID_AC-104457,0.0
CustomerID_AC-104477,0.0
CustomerID_AC-104505,0.0
CustomerID_AC-104522,0.0
CustomerID_AC-104538,0.0
CustomerID_AC-104554,0.0
CustomerID_AC-104559,0.0
CustomerID_AC-104567,0.0
CustomerID_AC-104631,0.0
CustomerID_AC-104694,0.0
CustomerID_AC-104711,0.0
CustomerID_AC-104734,0.0
CustomerID_AC-104763,0.0
CustomerID_AC-104776,0.0
CustomerID_AC-104792,0.0
CustomerID_AC-104796,0.0
CustomerID_AC-104817,0.0
CustomerID_AC-104850,0.0
CustomerID_AC-104864,0.0
CustomerID_AC-104890,0.0
CustomerID_AC-104910,0.0
CustomerID_AC-105008,0.0
CustomerID_AC-104445,0.0
CustomerID_AC-104418,0.0
CustomerID_AC-104414,0.0
CustomerID_AC-102709,0.0
CustomerID_AC-103830,0.0
CustomerID_AC-103846,0.0
CustomerID_AC-103855,0.0
CustomerID_AC-103895,0.0
CustomerID_AC-103896,0.0
CustomerID_AC-103900,0.0
CustomerID_AC-103942,0.0
CustomerID_AC-103990,0.0
CustomerID_AC-104003,0.0
CustomerID_AC-104018,0.0
CustomerID_AC-104035,0.0
CustomerID_AC-104401,0.0
CustomerID_AC-104057,0.0
CustomerID_AC-104083,0.0
CustomerID_AC-104092,0.0
CustomerID_AC-104111,0.0
CustomerID_AC-104115,0.0
CustomerID_AC-104131,0.0
CustomerID_AC-104176,0.0
CustomerID_AC-104268,0.0
CustomerID_AC-104331,0.0
CustomerID_AC-104369,0.0
CustomerID_AC-102718,0.0
TransactionDate_2024-02-23,0.0
CustomerID_AC-102701,0.0
CustomerID_AC-100586,0.0
CustomerID_AC-100662,0.0
CustomerID_AC-100733,0.0
CustomerID_AC-100740,0.0
CustomerID_AC-100757,0.0
CustomerID_AC-100780,0.0
CustomerID_AC-100802,0.0
CustomerID_AC-100835,0.0
CustomerID_AC-100934,0.0
CustomerID_AC-100955,0.0
CustomerID_AC-100959,0.0
CustomerID_AC-100995,0.0
CustomerID_AC-101061,0.0
CustomerID_AC-101069,0.0
CustomerID_AC-101110,0.0
CustomerID_AC-101187,0.0
CustomerID_AC-101228,0.0
CustomerID_AC-101236,0.0
CustomerID_AC-101238,0.0
CustomerID_AC-101245,0.0
CustomerID_AC-101286,0.0
CustomerID_AC-101303,0.0
CustomerID_AC-101327,0.0
CustomerID_AC-101358,0.0
CustomerID_AC-100619,0.0
CustomerID_AC-100570,0.0
CustomerID_AC-101362,0.0
CustomerID_AC-100559,0.0
Claimed,0.0
HasClaim,0.0
CustomerID_AC-100080,0.0
CustomerID_AC-100098,0.0
CustomerID_AC-100133,0.0
CustomerID_AC-100158,0.0
CustomerID_AC-100163,0.0
CustomerID_AC-100192,0.0
CustomerID_AC-100270,0.0
CustomerID_AC-100271,0.0
CustomerID_AC-100284,0.0
CustomerID_AC-100290,0.0
CustomerID_AC-100310,0.0
CustomerID_AC-100329,0.0
CustomerID_AC-100338,0.0
CustomerID_AC-100365,0.0
CustomerID_AC-100378,0.0
CustomerID_AC-100402,0.0
CustomerID_AC-100408,0.0
CustomerID_AC-100413,0.0
CustomerID_AC-100436,0.0
CustomerID_AC-100448,0.0
TransactionDate_2025-06-03,0.0
CustomerID_AC-101359,0.0
CustomerID_AC-101397,0.0
CustomerID_AC-102687,0.0
CustomerID_AC-102168,0.0
CustomerID_AC-102271,0.0
CustomerID_AC-102337,0.0
CustomerID_AC-102344,0.0
CustomerID_AC-102352,0.0
TransactionDate_2025-03-13,0.0
CustomerID_AC-102357,0.0
CustomerID_AC-102391,0.0
CustomerID_AC-102394,0.0
CustomerID_AC-105025,0.0
CustomerID_AC-102419,0.0
CustomerID_AC-102461,0.0
CustomerID_AC-102474,0.0
CustomerID_AC-102492,0.0
CustomerID_AC-102494,0.0
CustomerID_AC-102514,0.0
CustomerID_AC-102556,0.0
CustomerID_AC-102585,0.0
CustomerID_AC-102595,0.0
CustomerID_AC-102601,0.0
CustomerID_AC-102647,0.0
CustomerID_AC-102658,0.0
CustomerID_AC-102677,0.0
CustomerID_AC-102685,0.0
CustomerID_AC-102214,0.0
CustomerID_AC-102105,0.0
CustomerID_AC-101451,0.0
CustomerID_AC-102094,0.0
CustomerID_AC-101455,0.0
CustomerID_AC-101469,0.0
TransactionDate_2025-04-19,0.0
TransactionDate_2025-04-18,0.0
CustomerID_AC-101475,0.0
CustomerID_AC-101488,0.0
CustomerID_AC-101494,0.0
CustomerID_AC-101530,0.0
CustomerID_AC-101539,0.0
CustomerID_AC-101625,0.0
CustomerID_AC-101655,0.0
CustomerID_AC-101683,0.0
CustomerID_AC-101735,0.0
CustomerID_AC-101748,0.0
CustomerID_AC-101769,0.0
CustomerID_AC-101770,0.0
CustomerID_AC-101821,0.0
CustomerID_AC-101926,0.0
CustomerID_AC-101935,0.0
CustomerID_AC-102028,0.0
CustomerID_AC-102066,0.0
TransactionDate_2025-03-25,0.0
CustomerID_AC-102086,0.0
CustomerID_AC-102410,0.0
CustomerID_AC-105422,0.0
CustomerID_AC-105065,0.0
CustomerID_AC-108077,0.0
CustomerID_AC-107853,0.0
TransactionDate_2024-06-01,0.0
CustomerID_AC-107872,0.0
CustomerID_AC-107876,0.0
CustomerID_AC-107883,0.0
CustomerID_AC-107923,0.0
CustomerID_AC-107945,0.0
CustomerID_AC-107985,0.0
CustomerID_AC-107996,0.0
TransactionDate_2024-05-23,0.0
CustomerID_AC-108008,0.0
CustomerID_AC-108200,0.0
CustomerID_AC-108607,0.0
CustomerID_AC-108212,0.0
CustomerID_AC-108229,0.0
CustomerID_AC-108270,0.0
CustomerID_AC-108320,0.0
CustomerID_AC-108479,0.0
CustomerID_AC-108488,0.0
CustomerID_AC-108501,0.0
CustomerID_AC-108507,0.0
CustomerID_AC-108508,0.0
CustomerID_AC-108543,0.0
CustomerID_AC-108555,0.0
CustomerID_AC-107842,0.0
CustomerID_AC-107773,0.0
CustomerID_AC-107769,0.0
CustomerID_AC-107767,0.0
CustomerID_AC-107315,0.0
CustomerID_AC-107319,0.0
CustomerID_AC-107328,0.0
CustomerID_AC-107352,0.0
CustomerID_AC-107358,0.0
CustomerID_AC-107393,0.0
CustomerID_AC-107420,0.0
CustomerID_AC-107475,0.0
CustomerID_AC-107512,0.0
CustomerID_AC-107530,0.0
CustomerID_AC-107562,0.0
CustomerID_AC-107600,0.0
CustomerID_AC-107635,0.0
CustomerID_AC-107645,0.0
CustomerID_AC-107646,0.0
CustomerID_AC-107652,0.0
CustomerID_AC-107660,0.0
CustomerID_AC-107673,0.0
CustomerID_AC-107683,0.0
CustomerID_AC-107752,0.0
CustomerID_AC-107762,0.0
TransactionDate_2024-06-09,0.0
TransactionDate_2024-06-08,0.0
CustomerID_AC-108585,0.0
CustomerID_AC-108672,0.0
CustomerID_AC-105078,0.0
CustomerID_AC-109781,0.0
CustomerID_AC-109644,0.0
CustomerID_AC-109647,0.0
CustomerID_AC-109660,0.0
CustomerID_AC-109674,0.0
CustomerID_AC-109689,0.0
TransactionDate_2024-03-20,0.0
CustomerID_AC-109703,0.0
CustomerID_AC-109719,0.0
CustomerID_AC-109776,0.0
CustomerID_AC-109780,0.0
TransactionDate_2024-03-14,0.0
CustomerID_AC-109794,0.0
CustomerID_AC-108692,0.0
CustomerID_AC-109800,0.0
CustomerID_AC-109813,0.0
CustomerID_AC-109848,0.0
CustomerID_AC-109878,0.0
CustomerID_AC-109887,0.0
CustomerID_AC-109897,0.0
CustomerID_AC-109926,0.0
CustomerID_AC-109938,0.0
CustomerID_AC-109945,0.0
TransactionDate_2024-01-14,0.0
TransactionDate_2024-01-21,0.0
TransactionDate_2024-03-28,0.0
CustomerID_AC-109592,0.0
CustomerID_AC-109574,0.0
CustomerID_AC-109565,0.0
CustomerID_AC-108695,0.0
CustomerID_AC-108785,0.0
CustomerID_AC-108798,0.0
CustomerID_AC-108877,0.0
CustomerID_AC-108904,0.0
CustomerID_AC-108906,0.0
CustomerID_AC-108937,0.0
CustomerID_AC-108960,0.0
CustomerID_AC-108968,0.0
CustomerID_AC-108998,0.0
CustomerID_AC-109099,0.0
CustomerID_AC-109108,0.0
CustomerID_AC-109109,0.0
CustomerID_AC-109160,0.0
CustomerID_AC-109176,0.0
CustomerID_AC-109207,0.0
CustomerID_AC-109235,0.0
CustomerID_AC-109308,0.0
TransactionDate_2024-04-06,0.0
CustomerID_AC-109315,0.0
CustomerID_AC-109444,0.0
CustomerID_AC-109454,0.0
CustomerID_AC-109554,0.0
CustomerID_AC-107298,0.0
CustomerID_AC-107283,0.0
CustomerID_AC-107265,0.0
CustomerID_AC-106070,0.0
CustomerID_AC-105855,0.0
CustomerID_AC-105867,0.0
CustomerID_AC-105882,0.0
CustomerID_AC-105886,0.0
CustomerID_AC-105893,0.0
CustomerID_AC-105896,0.0
CustomerID_AC-105900,0.0
CustomerID_AC-105941,0.0
CustomerID_AC-106004,0.0
CustomerID_AC-106046,0.0
CustomerID_AC-106050,0.0
CustomerID_AC-106107,0.0
CustomerID_AC-107263,0.0
CustomerID_AC-106115,0.0
TransactionDate_2024-09-20,0.0
CustomerID_AC-106128,0.0
TransactionDate_2024-09-18,0.0
CustomerID_AC-106142,0.0
CustomerID_AC-106175,0.0
CustomerID_AC-106177,0.0
CustomerID_AC-106191,0.0
CustomerID_AC-106226,0.0
CustomerID_AC-106260,0.0
CustomerID_AC-106289,0.0
TransactionDate_2024-10-08,0.0
CustomerID_AC-105762,0.0
CustomerID_AC-105719,0.0
CustomerID_AC-105706,0.0
CustomerID_AC-105096,0.0
CustomerID_AC-105153,0.0
CustomerID_AC-105166,0.0
CustomerID_AC-105188,0.0
CustomerID_AC-105234,0.0
CustomerID_AC-105313,0.0
CustomerID_AC-105345,0.0
CustomerID_AC-105410,0.0
CustomerID_AC-105420,0.0
TransactionDate_2024-02-14,0.0
CustomerID_AC-105426,0.0
TransactionDate_2024-10-26,0.0
CustomerID_AC-105451,0.0
CustomerID_AC-105491,0.0
TransactionDate_2024-10-23,0.0
CustomerID_AC-105492,0.0
CustomerID_AC-105511,0.0
CustomerID_AC-105540,0.0
CustomerID_AC-105546,0.0
CustomerID_AC-105553,0.0
CustomerID_AC-105593,0.0
CustomerID_AC-105609,0.0
CustomerID_AC-105633,0.0
CustomerID_AC-106320,0.0
CustomerID_AC-106332,0.0
CustomerID_AC-106343,0.0
CustomerID_AC-106912,0.0
CustomerID_AC-106937,0.0
CustomerID_AC-106945,0.0
CustomerID_AC-106987,0.0
CustomerID_AC-107003,0.0
CustomerID_AC-107046,0.0
CustomerID_AC-107054,0.0
CustomerID_AC-107071,0.0
CustomerID_AC-107096,0.0
CustomerID_AC-107106,0.0
TransactionDate_2024-07-22,0.0
CustomerID_AC-107113,0.0
CustomerID_AC-107120,0.0
CustomerID_AC-107121,0.0
TransactionDate_2024-07-18,0.0
CustomerID_AC-107122,0.0
CustomerID_AC-107170,0.0
TransactionDate_2024-07-14,0.0
CustomerID_AC-107184,0.0
TransactionDate_2024-07-12,0.0
CustomerID_AC-107185,0.0
CustomerID_AC-107200,0.0
CustomerID_AC-107222,0.0
CustomerID_AC-107248,0.0
CustomerID_AC-106913,0.0
CustomerID_AC-106883,0.0
CustomerID_AC-106357,0.0
CustomerID_AC-106882,0.0
CustomerID_AC-106418,0.0
TransactionDate_2024-09-03,0.0
TransactionDate_2024-09-02,0.0
CustomerID_AC-106431,0.0
CustomerID_AC-106440,0.0
CustomerID_AC-106491,0.0
CustomerID_AC-106503,0.0
CustomerID_AC-106540,0.0
CustomerID_AC-106605,0.0
CustomerID_AC-106610,0.0
CustomerID_AC-106619,0.0
CustomerID_AC-106650,0.0
CustomerID_AC-106666,0.0
CustomerID_AC-106707,0.0
CustomerID_AC-106721,0.0
CustomerID_AC-106764,0.0
CustomerID_AC-106771,0.0
CustomerID_AC-106800,0.0
CustomerID_AC-106802,0.0
CustomerID_AC-106820,0.0
CustomerID_AC-106842,0.0
CustomerID_AC-106854,0.0
CustomerID_AC-106869,0.0
CustomerID_AC-106834,0.0
